RANK,AZIENDA,TASSO DI CRESCITA,RICAVI 2021,RICAVI 2024,SETTORE,REGIONE,PRESENZE,SITO WEB,CFO_NOME,CFO_RUOLO,CFO_LINKEDIN,FONTE,CONFIDENZA,DATA_RICERCA
1,C.D.C. Chain Drive Crane S.r.l.,503.374,128,28063,Macchinari e attrezzature,Trentino-Alto Adige,0,https://cdc.company,,,,not_found,,2026-03-06
2,ZAS Trading S.r.l.,304.483,153,10136,Commercio all'ingrosso,Lombardia,0,https://www.signorbio.com,Simone Zanini,Supply Chain & Finance,https://www.linkedin.com/in/simone-zanini-419039a6/,agent,medium,2026-03-06
3,Banca AideXa S.p.A.,264.541,604,29252,"Fintech, servizi finanziari e assicurazioni",Lombardia,0,https://www.aidexa.it,Andrea Correale,Chief Strategy & Financial Officer,https://www.linkedin.com/in/andreacorre/,agent,high,2026-03-06
4,InterMoma Food S.r.l.,218.937,556,18024,Cibo e bevande,Liguria,0,https://www.intermoma.it,,,,not_found,,2026-03-06
5,Lux Entertainment S.p.A.,193.038,3289,82760,"MICE (Meetings, Incentives, Conferences, Exhibitions)",Lazio,0,https://luxentertainment.com,Roberto Fantauzzi,CEO e Presidente,https://www.linkedin.com/in/robertofantauzzi/,agent,low,2026-03-06
6,Itaste Medical Group S.r.l.,177.441,864,18445,"Prodotti farmaceutici, biotecnologie e scienze della vita",Campania,0,https://itastemedical.com,Natale Di Filippo,CEO - Owner,https://it.linkedin.com/in/natale-di-filippo-29929849,agent,low,2026-03-06
7,Infisud S.r.l.,167.849,1732,33284,Costruzione e ingegneria,Sicilia,1,https://www.infisud.it,Antonio Di Nuzzo,Amministratore,,agent,low,2026-03-06
8,Viaggigiovani.it S.r.l.,166.137,664,12519,Ospitalità e viaggi,Trentino-Alto Adige,1,https://www.viaggigiovani.it,Nicola Moltrer,Founder & Owner,https://it.linkedin.com/in/nicola-moltrer-87a69365,agent,low,2026-03-06
9,Outlane S.r.l. SB,161,202,3590,Tempo libero e divertimento,Lombardia,0,https://freedome.it,Michele Mezzanzanica,Co-founder & Co-CEO,https://www.linkedin.com/in/michelemezzanzanica/,agent,low,2026-03-06
10,Sagelio S.r.l. SB,157.631,211,3610,Energia e servizi pubblici,Puglia,0,https://sagelio.com,Giancarlo Ostuni,Co-Founder e CEO,https://www.linkedin.com/in/giancarlostuni/,agent,low,2026-03-06
11,BizAway S.r.l. SB,142.856,8108,116128,Ospitalità e viaggi,Friuli-Venezia Giulia,5,https://bizaway.com,Luis Vázquez Espiga,Chief Financial Officer,https://www.linkedin.com/in/luis-vazquez-espiga-71266a21/,agent,high,2026-03-06
12,Vanbat S.r.l.,137.588,1048,14049,Smaltimento rifiuti & riciclo,Lazio,1,https://www.vanbat.it,Vanessa Ambrosetti,Amministratrice,,agent,low,2026-03-06
13,Billoo S.r.l. SB,136.246,141,1858,IT e software,Emilia-Romagna,0,https://www.billoo.it,Giovanni Baroni,Presidente,https://www.linkedin.com/in/giovanni-baroni-8017a54/,agent,low,2026-03-06
14,Logen S.r.l.,133.188,870,11029,Energia e servizi pubblici,Lazio,1,https://www.logen.energy,,,,not_found,,2026-03-06
15,U Lead S.r.l.,128.227,255,3030,Formazione,Lazio,0,https://www.ateneionline.it,Matteo Monari,Founder & CEO,https://www.linkedin.com/in/matteomonari/,agent,low,2026-03-06
16,Cosmico S.r.l.,122.733,1002,11075,Servizi per l'impiego,Lombardia,1,https://www.wearecosmico.com,Pasquale Tuosto,CFO,,agent,high,2026-03-06
17,BusForFun.com S.r.l.,112.831,875,8439,Tempo libero e divertimento,Veneto,2,https://www.busforfun.com,Luca Campanile,CEO & Co-Founder,https://www.linkedin.com/in/ing-luca-campanile/,agent,low,2026-03-06
18,Ciglieri S.r.l.,110.358,277,2581,Consulenza manageriale,Lazio,1,https://www.ciglieri.online,Alessandro Ciglieri,Amministratore Unico,https://it.linkedin.com/in/alessandro-ciglieri-50659558,agent,low,2026-03-06
19,Beentouch S.r.l.,106.888,389,3443,IT e software,Sicilia,1,https://beentouch.com,Danilo Mirabile,Founder & CEO,https://www.linkedin.com/in/danilomirabile/,agent,low,2026-03-06
20,Pixora S.r.l.,106.225,176,1541,IT e software,Sicilia,0,https://www.pixora.it,Salvo Rosa,CEO e Co-Founder,https://www.linkedin.com/in/salvo-rosa-06677427/,agent,low,2026-03-06
21,Fly4You S.r.l.,105.993,7668,67024,Ospitalità e viaggi,Lombardia,1,https://www.volonlinegroup.it,Luigi Deli,Fondatore e CEO,https://it.linkedin.com/in/luigi-deli-7416a546,agent,low,2026-03-06
22,Customized S.r.l.,104.57,1316,11265,Ospitalità e viaggi,Veneto,1,https://www.target.travel,Daniele Panzarin,CEO / Managing Director,https://www.linkedin.com/in/danielepanzarin-targettravel/,agent,low,2026-03-06
23,Tresun S.r.l.,102.735,2238,18652,Energia e servizi pubblici,Sicilia,3,https://www.tresun.it,Massimo Alfredo Lauria,CEO - Amministratore Unico,https://www.linkedin.com/in/massimolauria/,agent,low,2026-03-06
24,Tempraglass di Michele Loparco,102.437,572,4746,Produzione industriale,Puglia,0,https://www.tempraglass.it,Michele Loparco,Titolare,https://www.linkedin.com/in/michele-loparco-0a462815a/,agent,low,2026-03-06
25,Kampaay S.r.l. SB,101.486,916,7494,"MICE (Meetings, Incentives, Conferences, Exhibitions)",Lombardia,0,https://www.kampaay.com,Marco Alba,CFO & Co-founder,https://it.linkedin.com/in/marco-alba-kampaay,agent,high,2026-03-06
26,Coffinardi & Del Panno Industries S.r.l.,100.701,465,3758,Abbigliamento e moda,Lombardia,0,https://floky.com,Marco Coffinardi,Founder & CEO,https://www.linkedin.com/in/marco-coffinardi-5a5250a7,agent,low,2026-03-06
27,DMT Group S.r.l.,99.8519,820,6549,Energia e servizi pubblici,Campania,0,https://www.dmtsolar.it,Domenico Di Lauro,General Manager (Direttore Generale),https://www.linkedin.com/in/domenico-di-lauro-583b11274/,agent,low,2026-03-06
28,B&T Management S.r.l. SB,97.4126,2634,20265,Ospitalità e viaggi,Sicilia,0,https://www.mutika.it,Fabio Adamo,"Finance Manager - Administration, Finance & Control",https://www.linkedin.com/in/fabio-adamo-b17688b6/,agent,medium,2026-03-06
29,Italia Rimborso S.r.l.,95.4204,306,2287,"Servizi professionali, scientifici e tecnici",Sicilia,0,https://www.italiarimborso.it,Felice D'Angelo,CEO e Fondatore,,agent,low,2026-03-06
30,Epil Point Italia S.r.l.,95.1866,1419,10552,Vendita al dettaglio,Campania,1,https://http://www.epilpoint.it,Fabio Formisano,Fondatore e Amministratore Unico,https://www.linkedin.com/in/fabioformisano/,agent,low,2026-03-06
31,iLStudio Engineering & Consulting Studio S.r.l.,94.5545,633,4662,"Servizi professionali, scientifici e tecnici",Puglia,0,https://www.studioseverini.eu,Luigi Severini,Presidente,https://it.linkedin.com/in/ing-luigi-severini-151bb124,agent,low,2026-03-06
32,Prime Agency S.r.l.,94.3898,232,1705,IT e software,Puglia,0,https://www.algomera.it,Federica Spagnulo,Amministratore Delegato,https://www.linkedin.com/in/federica-spagnulo-9a1403197/,agent,low,2026-03-06
33,Deposito S.r.l.,91.6754,238,1678,Pubblicità e marketing,Abruzzo,0,https://www.meccanismi.net,Romano Vallese,Fondatore,,agent,low,2026-03-06
34,Time Vision S.r.l.,90.8441,434,3019,Formazione,Campania,1,https://timevisionsrl.it,Daniela Sabatino,Presidente,https://it.linkedin.com/in/danielasabatino,agent,low,2026-03-06
35,AssiBro S.r.l.,90.4288,375,2592,"Fintech, servizi finanziari e assicurazioni",Friuli-Venezia Giulia,1,https://www.assibro.it,Enrico Perlin,CEO,https://www.linkedin.com/in/enrico-perlin-6098a3a9/,agent,low,2026-03-06
36,Parkforfun.com S.r.l.,87.0841,464,3039,IT e software,Veneto,1,https://www.parkforfun.com,Davide Buscato,Co-Founder & Sales Manager,https://www.linkedin.com/in/davidebuscato/,agent,low,2026-03-06
37,Foorban S.r.l.,86.4006,1341,8686,Cibo e bevande,Lombardia,1,https://www.foorban.com,Edera Jakici,Admin&Accountant Specialist,https://www.linkedin.com/in/edera-jakici-aa3b105b/,agent,medium,2026-03-06
38,U.G.A. Nutraceuticals S.r.l.,84.1985,8437,52728,"Prodotti farmaceutici, biotecnologie e scienze della vita",Umbria,2,https://uganutraceuticals.com,Francesco Galbiati,Responsabile Amministrativo E Finanziario,https://www.linkedin.com/in/francesco-galbiati-20073721,agent,medium,2026-03-06
39,Lean Wire S.r.l.,82.6036,1321,8041,Costruzione e ingegneria,Lombardia,0,https://www.leanwire.net,Jacopo Barzago,CFO,https://it.linkedin.com/in/barzago/en,agent,high,2026-03-06
40,Salabam S.r.l.,80.8323,4914,29060,Ospitalità e viaggi,Emilia-Romagna,3,https://salabamsolutions.com,Simone Prioli,CFO,https://www.linkedin.com/in/simone-prioli-39529813/,agent,high,2026-03-06
41,Corax S.r.l.,80.6973,992,5853,Pubblicità e marketing,Lombardia,0,https://corax.business,Marco D'Andrea,Admin,https://www.linkedin.com/in/marco-d-andrea-0248ab259/,agent,medium,2026-03-06
42,Airport Global Services S.r.l.,79.8618,5450,31713,Logistica e trasporto,Lombardia,0,https://www.agshandling.it,Gabriele Di Fiore,Amministrazione & Finance Control Manager,,agent,medium,2026-03-06
43,Go4sea S.r.l.,77.9718,1782,10046,Ospitalità e viaggi,Puglia,0,https://www.go4sea.com,Antonello Frugis,Addetto contabilità ed amministrazione,https://www.linkedin.com/in/antonello-frugis-672461111/,agent,low,2026-03-06
44,Rental Lake Como S.r.l.,76.7097,542,2993,Ospitalità e viaggi,Lombardia,0,https://rentallcomo.com,Simone Majeli,CEO & Founder,https://www.linkedin.com/in/simonemajeli/,agent,low,2026-03-06
45,Percinque S.r.l.,74.5283,983,5228,Consulenza manageriale,Veneto,2,https://percinque.com,Elisabetta Mainetti,CFO,https://www.linkedin.com/in/elisabetta-giuliana-mainetti-5b9b4514/,agent,high,2026-03-06
46,Soplaya S.p.A.,73.8948,2128,11192,E-commerce,Friuli-Venezia Giulia,1,https://soplaya.com,Mauro Germani,CEO & Co-Founder,https://www.linkedin.com/in/maurogermani/,agent,low,2026-03-06
47,Xceed S.r.l.,73.6164,786,4111,"MICE (Meetings, Incentives, Conferences, Exhibitions)",Lombardia,2,https://www.xceed.me,Nikolai Price,Head of Finance,https://www.linkedin.com/in/nikolai-price-5b1955136/,agent,medium,2026-03-06
48,Heart Apartments S.r.l.,73.5162,1584,8273,Ospitalità e viaggi,Lombardia,1,https://heartmilanapartments.com,Silvia Bisa,Contabile,,agent,medium,2026-03-06
49,Euro Impianti 20 S.r.l.,72.5412,1656,8509,Costruzione e ingegneria,Sicilia,0,n/a,,,,not_found,,2026-03-06
50,A.G. Training S.r.l.,72.0086,624,3174,Formazione,Lazio,0,https://www.agtraining.eu,Alessandra Lombardi,CEO & Co-founder,https://it.linkedin.com/in/alessandra-lombardi-493022150,agent,low,2026-03-06
51,You Know! S.r.l. Unipersonale,69.7186,1249,6104,Ospitalità e viaggi,Campania,1,https://www.youknowboat.com,Enrico Manzi,Founder & CEO,,agent,low,2026-03-06
52,Online Platform for Shops S.r.l.,68.7107,955,4586,E-commerce,Abruzzo,0,https://3pwcommerce.com,Fernando De Panfilis,Amministratore Unico,https://www.linkedin.com/in/fernando-de-panfilis-28790b50/,agent,low,2026-03-06
53,CF Car Autonoleggio e Servizi S.r.l.,68.4429,1219,5827,Auto e servizi associati,Puglia,0,https://www.filorent.it/#,Maurizio Filoni,Amministratore Unico,https://www.linkedin.com/in/maurizio-filoni-25714a5a,agent,low,2026-03-06
54,Dpway S.r.l.,67.3547,404,1892,IT e software,Lazio,0,https://www.dpway.it,Roberto Di Palma,CEO & Founder,https://it.linkedin.com/in/robertodipalma,agent,low,2026-03-06
55,Epic Education S.r.l.,67.2505,1188,5558,Formazione,Lazio,1,https://epicode.com,Alessandro Trusiani,CFO & COO,https://www.linkedin.com/in/alessandrotrusiani/,agent,high,2026-03-06
56,Oenergy S.p.A.,66.7747,19171,88925,Energia e servizi pubblici,Lazio,1,https://www.oenergy.it,Roberta Lilli,Advisor and Head of Accounting,,agent,medium,2026-03-06
57,EngUp S.r.l.,66.5811,526,2431,Costruzione e ingegneria,Lombardia,1,https://www.engup.com,Davide Oglialoro,Socio Fondatore (responsabile parte amministrativa),https://www.linkedin.com/in/davideoglialoro/,agent,low,2026-03-06
58,Dm Tech & Services S.r.l.,66.4851,715,3299,Vendita al dettaglio,Lazio,0,https://www.dmtechandservices.it,Mimmo Dentamare,Amministratore,https://www.linkedin.com/in/mimmo-dentamare-8ab78478/,agent,low,2026-03-06
59,Netx64 S.r.l.,66.3617,954,4391,IT e software,Veneto,1,https://www.netx64.com,Diego Dalla Riva,Presidente del Consiglio di Amministrazione,,agent,low,2026-03-06
60,Brand S.r.l.,65.8081,1174,5352,Costruzione e ingegneria,Toscana,1,https://www.brand-srl.it,Edoardo Rosa,Direttore amministrativo,https://it.linkedin.com/in/edoardo-rosa-38953a88,agent,medium,2026-03-06
61,RD24 S.r.l.,65.5072,684,3101,"Fintech, servizi finanziari e assicurazioni",Lombardia,0,https://www.johix.com,Martina Bragazzi,Amministrazione e Controllo,https://www.linkedin.com/in/martina-bragazzi-36aa6514a/,agent,medium,2026-03-06
62,CreationDose S.r.l. SB,64.2125,916,4055,Pubblicità e marketing,Sicilia,1,https://creationdose.com/it,Alessandro La Rosa,Founder & Chief Executive Officer,https://www.linkedin.com/in/larosanet/,agent,low,2026-03-06
63,ProEsys S.r.l.,64.1807,383,1693,IT e software,Lazio,1,https://www.proesystech.com,Eugenio Sabatella,CEO,https://www.linkedin.com/in/eugenio-sabatella-6a4b4141/,agent,low,2026-03-06
64,OEMPV S.r.l.,64.1109,2518,11128,Energia e servizi pubblici,Veneto,0,https://oempv.it,Stefano Masiero,Amministratore Delegato,https://it.linkedin.com/in/stefano-masiero-45990760,agent,low,2026-03-06
65,Fimarsud S.r.l.,63.1256,3420,14845,Macchinari e attrezzature,Sicilia,0,https://www.fimarsud.it,Salvo Grasso,Direttore Generale,https://it.linkedin.com/in/salvo-grasso-a48346160,agent,low,2026-03-06
66,Safety job S.r.l. SB,61.8458,616,2611,IT e software,Lombardia,1,https://sikurogroup.com,Walter Licini,Founder and Chief Executive Officer,https://www.linkedin.com/in/walterlicini/,agent,low,2026-03-06
67,Italy Car Rent S.r.l.,61.4341,15677,65957,Auto e servizi associati,Trentino-Alto Adige,3,https://www.italycarrent.com,Alfonso Caravello,Fondatore e CEO,,agent,low,2026-03-06
68,VBA Costruzioni S.r.l.,60.329,544,2242,Costruzione e ingegneria,Campania,0,https://www.vbacostruzioni.it,Biagio Valentino,Amministratore Unico e Legale Rappresentante,,agent,low,2026-03-06
69,Heca S.r.l.,60.278,1054,4340,"Fintech, servizi finanziari e assicurazioni",Abruzzo,2,https://www.hecamga.it,Emmanuele Menicucci,Founder and CEO,https://www.linkedin.com/in/emmanuele-menicucci-9320a242/,agent,low,2026-03-06
70,Saico S.r.l.,59.2365,5976,24128,Costruzione e ingegneria,Lazio,0,https://www.saicosrl.com,Andrea Galoni,CEO,https://it.linkedin.com/in/andrea-galoni-675b5446,agent,low,2026-03-06
71,Darwin Technologies S.r.l.,59.1197,2237,9010,IT e software,Sicilia,1,https://www.darwintechnologies.it,Daniel Indelicato,Fondatore,,agent,low,2026-03-06
72,PFJ-Lux S.r.l.,59.0104,584,2348,Arredamento,Friuli-Venezia Giulia,0,https://www.pfj-lux.com,Bruno Perin,Co-founder,https://www.linkedin.com/in/bruno-perin-72702285/,agent,low,2026-03-06
73,Di Remigio Costruzioni S.r.l.,58.632,847,3382,Costruzione e ingegneria,Abruzzo,1,https://www.diremigiocostruzioni.it,Enrico Aragona,Direttore Amministrativo,https://www.linkedin.com/in/enrico-aragona-10496687/,agent,medium,2026-03-06
74,INIX Group Italia S.r.l.,58.5812,1126,4490,IT e software,Lombardia,1,https://www.inixgroup.com,,,,not_found,,2026-03-06
75,Humans S.r.l.,58.3883,852,3384,IT e software,Lazio,1,https://humans.tech,Mario De Santis,CEO & Co-Founder,https://www.linkedin.com/in/mario-de-santis/,agent,low,2026-03-06
76,Pinsami S.r.l.,57.6426,9957,39008,Cibo e bevande,Emilia-Romagna,4,https://www.pinsami.it,Mauro Dalle Vacche,Chief Executive Officer,https://it.linkedin.com/in/mauro-dalle-vacche-9ab25763,agent,low,2026-03-06
77,In Situ S.r.l.,57.5163,3967,15504,Costruzione e ingegneria,Friuli-Venezia Giulia,0,https://www.insitu-srl.it,Massimiliano La Porta,Founder and CEO,https://www.linkedin.com/in/massimiliano-la-porta-b509b283/,agent,low,2026-03-06
78,GC Appalti S.r.l.,57.1604,1635,6347,Costruzione e ingegneria,Abruzzo,1,https://http://www.gruppocirci.it,,,,not_found,,2026-03-06
79,CDF Logistica S.r.l.,57.0287,22349,86537,Logistica e trasporto,Lazio,1,https://www.cdflogistica.com,Luca Lovato,Amministratore Delegato,https://www.linkedin.com/in/luca-lovato-2b106a47,agent,low,2026-03-06
80,Versounico S.r.l.,56.2347,2875,10966,Cibo e bevande,Piemonte,1,https://www.bonum.live,Michele Tallone,Titolare e Amministratore Delegato,https://www.linkedin.com/in/michele-tallone/,agent,low,2026-03-06
81,Pirotecnica Sarro S.r.l.s.,56.1222,896,3411,Vendita al dettaglio,Calabria,1,https://www.pirotecnicasarro.com,Martino Sarro,Amministratore Unico,,agent,low,2026-03-06
82,I.F.M. Italiana Facility Management S.p.A.,55.6204,10398,39187,Energia e servizi pubblici,Lazio,1,https://www.ifmspa.eu,Giuseppe Cinquanta,Direttore Generale,https://www.linkedin.com/in/giuseppe-cinquanta-09231412/,agent,low,2026-03-06
83,FGM04 S.p.A.,54.7495,4977,18443,E-commerce,Emilia-Romagna,0,https://fgm04.com,Filomena Palomba,Amministratore Delegato,https://www.linkedin.com/in/filomena-palomba-418355138/,agent,low,2026-03-06
84,Com-Media S.p.A.,54.3732,3717,13673,Ospitalità e viaggi,Liguria,0,https://www.myparking.it,Piero Violante,Fondatore e Amministratore Delegato,,agent,low,2026-03-06
85,JDEvents S.r.l.,54.3509,1874,6890,"MICE (Meetings, Incentives, Conferences, Exhibitions)",Toscana,0,https://jdeventsrl.com,Jacopo D'Andrea,"Founder, CEO and Owner",https://www.linkedin.com/in/jacopo-d-andrea-7a67123/,agent,low,2026-03-06
86,BitQ S.r.l.,53.7691,3212,11678,E-commerce,Lombardia,1,https://www.bitq.biz,Mauro Catalano,CEO and Managing Director,https://www.linkedin.com/in/maurocatalano/,agent,low,2026-03-06
87,221e S.r.l.,52.9293,873,3123,IT e software,Veneto,1,https://www.221e.com,Marco Signorelli,CEO & Founder,https://www.linkedin.com/in/marco-signorelli/,agent,low,2026-03-06
88,Westrafo S.r.l.,52.4746,26302,93237,Macchinari e attrezzature,Veneto,4,https://www.westrafo.com,Massimo Rigoni,CFO,https://www.linkedin.com/in/massimo-rigoni-a631a513a/,agent,high,2026-03-06
89,Mammana Michelangelo S.r.l.,51.8883,16505,57834,Costruzione e ingegneria,Sicilia,0,https://gruppomammana.it,,,,not_found,,2026-03-06
90,Contents S.p.A.,51.7987,2119,7412,IT e software,Lombardia,0,https://www.contents.ai,Salvatore Guddemi,CFO/COO,https://it.linkedin.com/in/salvatore-guddemi-3265b6b,agent,high,2026-03-06
91,GS Service S.r.l.,51.7973,2853,9979,Energia e servizi pubblici,Lombardia,4,https://www.green-solar.it,Simone Guarisco,Titolare dell'azienda,https://www.linkedin.com/in/simone-guarisco-46618a64/,agent,low,2026-03-06
92,Ocra S.r.l.,51.5327,2910,10124,IT e software,Veneto,0,https://www.ocragroup.com,Galia Savca,Responsabile Amministrativo,,agent,medium,2026-03-06
93,Energy Boost S.r.l.,51.1709,2241,7743,Energia e servizi pubblici,Marche,2,https://http://www.energyboost.it,Pierfrancesco Andolfi,Titolare,,agent,low,2026-03-06
94,Sportit S.r.l.,51.1202,5100,17602,Tempo libero e divertimento,Lombardia,3,https://snowit.ski,Giorgia Benfenati,CFO,https://it.linkedin.com/in/giorgia-benfenati-754ab585,agent,high,2026-03-06
95,Daicar S.r.l.,51.0858,1011,3487,Pubblicità e marketing,Lazio,1,https://daicargroup.com,Robin Daina,Co-Founder / Amministratore Unico,https://it.linkedin.com/in/robin-daina-10527,agent,low,2026-03-06
96,MotoRacingShop S.r.l.,50.9997,917,3156,E-commerce,Toscana,1,https://www.motoracingshop.com,Gianluca Cipollini,Amministratore Unico,,agent,low,2026-03-06
97,Smart Eventi S.r.l.,50.6747,1597,5462,"MICE (Meetings, Incentives, Conferences, Exhibitions)",Lombardia,1,https://www.smarteventi.it,Francesca Fermi,Senior Management Accountant,,agent,medium,2026-03-06
98,Innovando S.r.l.,50.5961,7928,27076,Smaltimento rifiuti & riciclo,Veneto,1,https://innovandotech.com,Daniele Bonin,CFO,https://www.linkedin.com/in/daniel-bonin-98629aa3,agent,high,2026-03-06
99,DAMA Everything Connected S.r.l.,50.5764,9028,30822,"Servizi professionali, scientifici e tecnici",Lombardia,1,https://damaelectric.it,Giuseppe Pulerà,Amministratore Delegato,https://www.linkedin.com/in/giuseppe-puler%C3%A0-9111a11b/,agent,low,2026-03-06
100,L'ABCD S.r.l.,50.5598,1276,4356,IT e software,Campania,1,https://www.labcd.it,Nicola D'Ambrosio,Amministratore,https://www.linkedin.com/in/nicola-d-ambrosio-b81143153/,agent,low,2026-03-06
101,Costruzioni Iannini S.r.l.,50.2258,11414,38696,Costruzione e ingegneria,Abruzzo,1,https://http://www.gruppoiannini.it,Davide Iannini,Amministratore Unico,,agent,low,2026-03-06
102,MoreToTrade S.r.l.,49.6695,1239,4153,E-commerce,Toscana,2,https://moretotrade.it,Lorenzo Martino,CEO & Founder,https://www.linkedin.com/in/lorenzo-martino-4b041754/,agent,low,2026-03-06
103,Sphera Service S.r.l.,48.6463,1078,3539,IT e software,Lombardia,1,https://www.spheraservice.it,Tiziano Proietti Mari,Amministratore Unico,,agent,low,2026-03-06
104,Center Lift Lombardia S.r.l.,48.4892,797,2609,Costruzione e ingegneria,Lombardia,0,https://www.centerliftsrl.com,Giovanni Marino,Amministratore delegato,https://www.linkedin.com/in/giovanni-marino-2a0b445a/,agent,low,2026-03-06
105,NRG Med S.r.l.,48.2506,6754,22006,Energia e servizi pubblici,Abruzzo,0,https://nrg-med.com,Francesco Sini,CEO,https://www.linkedin.com/in/francesco-sini-803a9110/,agent,low,2026-03-06
106,Sertec Engineering Consulting S.r.l.,47.7617,1799,5803,Costruzione e ingegneria,Piemonte,2,https://sertec-engineering.com,Domenico Gabriele,CEO,,agent,low,2026-03-06
107,Ingeniars S.r.l.,47.7412,1020,3289,IT e software,Toscana,1,https://www.ingeniars.com,Giuseppe Gentile,Chief Executive Officer,https://it.linkedin.com/in/giuseppe-gentile-35a5152b,agent,low,2026-03-06
108,Startup Geeks S.r.l. SB,47.6803,703,2264,Formazione,Lombardia,0,https://www.startupgeeks.it,Alessio Boceda,Co-Founder,https://it.linkedin.com/in/alessio-boceda,agent,low,2026-03-06
109,Nplus S.r.l.,47.4038,5017,16068,IT e software,Trentino-Alto Adige,1,https://www.nplus.it,Giordano Riello,Presidente e CEO,,agent,low,2026-03-06
110,Alba S.r.l.,47.3189,3818,12205,Energia e servizi pubblici,Veneto,5,https://albaimpianti.it,Giuliano Bratko,CEO,,agent,low,2026-03-06
111,4Energy S.r.l.,46.957,2300,7300,Energia e servizi pubblici,Marche,2,https://http://4-energy.it,Michela Valenti,Referente Amministrativo e Contabile,,agent,medium,2026-03-06
112,Consorzio Stabile Agoraa S.c.a.r.l.,46.6506,17004,53629,Costruzione e ingegneria,Sicilia,3,https://www.agoraa.it,Giuseppe Costantino,Presidente,https://it.linkedin.com/in/giuseppe-costantino-91798051,agent,low,2026-03-06
113,C.D. S.r.l.,46.462,2883,9058,Commercio all'ingrosso,Campania,1,https://www.componentidigitali.com,Vincenzo Bussetta,Amministratore Unico,,agent,low,2026-03-06
114,Ristoservice S.r.l.,46.383,11534,36178,Cibo e bevande,Lombardia,5,https://www.risto-service.it,Fabio De Filippis,Direttore Amministrativo e Finanziario,https://www.linkedin.com/in/fabio-de-filippis-00aa6b26,agent,high,2026-03-06
115,One Italy S.r.l.,46.1366,2500,7802,Beni immobili,Lombardia,1,https://www.oneitaly.net,Isaia Agosti,Procuratore,,agent,low,2026-03-06
116,MC Energy GTS S.r.l. SB,45.9697,838,2605,Energia e servizi pubblici,Marche,1,https://mcenergy.it,Michele Mencarelli,CEO / Amministratore Delegato,https://www.linkedin.com/in/michele-mencarelli-088266226/,agent,low,2026-03-06
117,Synapsy S.r.l.,45.7665,3461,10718,"MICE (Meetings, Incentives, Conferences, Exhibitions)",Lombardia,1,https://www.synapsy.events,Davide Enrico Mazzucchelli,Founder & CEO,https://it.linkedin.com/in/davide-enrico-mazzucchelli-512a2b3,agent,low,2026-03-06
118,Elios S.r.l.,45.4832,15647,48180,Smaltimento rifiuti & riciclo,Emilia-Romagna,1,https://eliosambiente.it,Cinzia Cerbini,CFO,,agent,high,2026-03-06
119,Baroni S.r.l.,45.3408,3893,11951,E-commerce,Toscana,3,https://baronihome.it,Alberto Garbocci,Chief Executive Officer,https://www.linkedin.com/in/alberto-garbocci-6007809a/,agent,low,2026-03-06
120,Jungle S.r.l.,45.3355,2430,7459,"MICE (Meetings, Incentives, Conferences, Exhibitions)",Lombardia,1,https://wearejungle.com,Lorenzo Fabbri,Founder & CEO,https://www.linkedin.com/in/lorenzo-fabbri-76039934/,agent,low,2026-03-06
121,Italiana Energia S.r.l.,45.2831,2232,6844,Energia e servizi pubblici,Campania,1,https://www.italianaenergia.it,Salvatore Bruno,Amministratore Unico,,agent,low,2026-03-06
122,Greenergy S.r.l.,44.7514,4346,13181,Energia e servizi pubblici,Puglia,1,https://www.greenergy.it,Mariangela Tocci,Chief Financial Officer,https://www.linkedin.com/in/mariangela-tocci-999b8047,agent,high,2026-03-06
123,Forneria Fattidigrano S.r.l.,44.7225,1106,3353,Cibo e bevande,Lombardia,0,https://www.fattidigrano.it,Mauro Passiatore,Co-fondatore / Amministratore Unico,,agent,low,2026-03-06
124,Master Group S.r.l.,44.4304,10699,32235,Media e telecomunicazioni,Puglia,3,https://master-dealer.it,Savino Novelli,Founder & CEO,https://www.linkedin.com/in/savino-novelli/,agent,low,2026-03-06
125,P.B.L. S.r.l.,44.4058,8955,26967,Macchinari e attrezzature,Emilia-Romagna,0,https://www.pbl.it,Beatrice Pagani,Responsabile Amministrazione e Finanza,,agent,medium,2026-03-06
126,Unguess S.r.l.,44.0692,2677,8006,IT e software,Lombardia,1,https://unguess.io,Antonio Arezzo,augmented CFO,https://www.linkedin.com/in/antonioarezzo/,agent,high,2026-03-06
127,Mack & Schuhle Italia S.p.A.,44.0609,68747,205539,Cibo e bevande,Puglia,0,https://mus.it,Fedele Angelillo,Amministratore Delegato,https://www.linkedin.com/in/fedele-angelillo-ba7572164/,agent,low,2026-03-06
128,Radar Consulting Italia S.r.l.,43.9845,2242,6692,Formazione,Lombardia,0,https://www.radarconsulting.it,Ernesto D'Amato,CEO,,agent,low,2026-03-06
129,Italbiotec S.r.l. SB,43.5526,744,2200,Consulenza manageriale,Lombardia,0,https://italbiotec.altervista.org,Diego Bosco,CEO (Amministratore Delegato),https://www.linkedin.com/in/diegobosco/,agent,low,2026-03-06
130,Stufe a Pellet Italia S.r.l.,43.5108,5945,17572,E-commerce,Veneto,0,https://www.stufeapelletitalia.com,,,,not_found,,2026-03-06
131,eVISO S.p.A.,43.1802,76703,225144,IT e software,Piemonte,6,https://eviso.ai,Federica Berardi,"Direttrice Amministrazione, Finanza e Servizi Generali",https://it.linkedin.com/in/federicaberardi,agent,high,2026-03-06
132,T.C.S. S.r.l.,43.1786,891,2615,"Fintech, servizi finanziari e assicurazioni",Puglia,1,https://www.tcstempone.com,Antonio Tempone,Amministratore,https://www.linkedin.com/in/antonio-tempone-61416b3b/,agent,low,2026-03-06
133,Tikato S.r.l.,43.0905,3018,8843,E-commerce,Veneto,4,https://www.discoup.com,Alberto Reghelin,Amministratore,https://www.linkedin.com/in/alberto-reghelin/,agent,low,2026-03-06
134,Fenyx Italia S.r.l.,43.0532,4387,12842,E-commerce,Puglia,3,https://www.leddiretto.it,Andrea Toma,CEO,https://it.linkedin.com/in/andrea-toma-35332862,agent,low,2026-03-06
135,Isol Sistem S.r.l.,42.9354,8775,25625,Costruzione e ingegneria,Lombardia,0,https://www.isolsistemsrl.net,Rovena Lacaj,Chief Financial Manager,https://www.linkedin.com/in/rovena-lacaj-1a3961195/,agent,medium,2026-03-06
136,NuBeTech S.p.A.,42.8985,2807,8190,IT e software,Lombardia,2,https://www.nubetech.it,Diego Orlando,Responsabile Amministrativo,https://www.linkedin.com/in/diego-orlando-2260b581/,agent,medium,2026-03-06
137,Next04 S.r.l.,42.5345,2347,6795,IT e software,Sicilia,0,https://www.next04.it,Giorgio Benvegna,CFO & General Director,https://it.linkedin.com/in/giorgio-benvegna-50395324,agent,high,2026-03-06
138,Carbonteam S.r.l. Unipersonale,42.3883,1105,3190,Aerospaziale e difesa,Piemonte,1,https://www.carbonteam.it,Carlo Putetto,Presidente e Amministratore Delegato,https://www.linkedin.com/in/carlo-putetto-90017b187/,agent,low,2026-03-06
139,Italianway S.p.A.,42.0553,4292,12303,Ospitalità e viaggi,Lombardia,1,https://www.italianway.house,Katia Peretti,Accounting & Controlling Manager,https://www.linkedin.com/in/katia-peretti-bb646320/,agent,medium,2026-03-06
140,R.Ed.El. S.r.l.,41.7442,10725,30542,Energia e servizi pubblici,Calabria,0,https://www.redel.it,Umberto Barreca,CEO,https://it.linkedin.com/in/umberto-barreca-b99a185a,agent,low,2026-03-06
141,Mirror Production S.r.l.,41.3102,2129,6007,Pubblicità e marketing,Toscana,2,https://www.mirror.it,Tommaso Valente,CEO & Co-founder,https://it.linkedin.com/in/tommasovalente,agent,low,2026-03-06
142,GMedia Group S.r.l.,41.2851,1131,3189,E-commerce,Toscana,0,https://www.higift.it,Luca Cappelli,Founder and Managing Director,https://www.linkedin.com/in/lucacappelli/,agent,low,2026-03-06
143,Intendo S.r.l.,41.141,771,2167,IT e software,Calabria,1,https://www.intendo.it,Giusy Cuda,Senior Accountant,https://www.linkedin.com/in/giusy-cuda-0a6252b6/,agent,medium,2026-03-06
144,Erasmus Learning Academy S.r.l.,40.959,698,1955,Formazione,Emilia-Romagna,1,https://www.erasmuslearningacademy.eu,Francesco Tarantino,Founder & CEO,https://www.linkedin.com/in/francescotarantino/,agent,low,2026-03-06
145,OY International S.r.l.,40.749,4188,11677,Vendita al dettaglio,Liguria,0,https://www.oceanis.it,Valentina Tonet,Accounting,,agent,medium,2026-03-06
146,Antonutti S.r.l.,40.3996,10699,29609,Costruzione e ingegneria,Lombardia,1,https://http://www.antonutti.it,Giovanni Vezzola,Accounting,https://it.linkedin.com/in/giovanni-vezzola-23514496,agent,medium,2026-03-06
147,Motion Analytica S.r.l.,40.3775,727,2012,IT e software,Friuli-Venezia Giulia,0,https://www.motionanalytica.com,Diego Zonta,Chief Financial Officer,https://www.linkedin.com/in/diegozonta,agent,high,2026-03-06
148,Taz Group S.r.l.,39.9121,2239,6131,Cibo e bevande,Piemonte,0,https://www.tazfood.com,Federica Garnero,Amministrazione,,agent,medium,2026-03-06
149,StampaSi S.r.l.,39.676,4455,12140,E-commerce,Lombardia,1,https://www.stampasi.it,Valerio Scopece,Amministratore,https://www.linkedin.com/in/valerio-scopece-609517160/,agent,low,2026-03-06
150,Wikicasa S.r.l.,39.3815,1796,4863,IT e software,Lombardia,3,https://www.wikicasa.it,Chiara Dellisanti,HR & Amministrazione,https://it.linkedin.com/in/chiara-dellisanti-751822132,agent,medium,2026-03-06
151,Farmed S.r.l.,39.3627,9159,24792,"Prodotti farmaceutici, biotecnologie e scienze della vita",Campania,2,https://www.farmedinternational.com,Renato De Falco,CEO,,agent,low,2026-03-06
152,Iocoli S.r.l.,39.1966,2561,6908,Produzione industriale,Basilicata,4,https://www.iocoli.com,Giovanni Iocoli,Titolare dell'azienda,https://it.linkedin.com/in/giovanni-iocoli-519193184,agent,low,2026-03-06
153,Calicantus S.r.l.,39.196,10168,27422,E-commerce,Veneto,3,https://calicant.us,Valentino Bergamo,CEO e Founder,https://www.linkedin.com/in/valentinobergamo/,agent,low,2026-03-06
154,Omnia Group S.r.l.,39.0776,653,1758,Cibo e bevande,Sicilia,0,https://luscioux.eu,Sebastiano Di Paola,Amministratore Unico,https://www.linkedin.com/in/sebastiano-di-paola/,agent,low,2026-03-06
155,Ninesquared S.r.l.,38.8152,918,2456,Abbigliamento e moda,Trentino-Alto Adige,1,https://ninesquared.team,Marco Grazioli,Head Of Finance,https://it.linkedin.com/in/marco-grazioli-546629179,agent,medium,2026-03-06
156,Albasolar S.r.l.,38.7549,6211,16593,Costruzione e ingegneria,Piemonte,0,https://www.albasolar.it,Massimo Marengo,CEO / Titolare,https://it.linkedin.com/in/massimo-marengo,agent,low,2026-03-06
157,Energeticastore S.r.l.,38.4209,917,2432,Energia e servizi pubblici,Lombardia,1,https://www.energeticastore.it,Christian Castiello,CEO,https://www.linkedin.com/in/christian-castiello-b3904812/,agent,low,2026-03-06
158,Gamian Consulting S.r.l.,37.9709,778,2044,Consulenza manageriale,Calabria,1,https://gamianconsulting.com,Carolina Cairo,CFO,https://www.linkedin.com/in/carla-cairo-b59a60aa/,agent,high,2026-03-06
159,Brainstorming LG S.r.l.,37.8849,1251,3280,Consulenza manageriale,Lombardia,0,https://www.brainstorminglgsrl.it,Loredana Rizzo,CEO & Founder,https://it.linkedin.com/in/loredana-rizzo-0ab6ba159,agent,low,2026-03-06
160,Medical Net S.r.l.,37.6697,895,2336,Formazione,Lazio,1,https://www.medical-net.it,Valentina Marino,Owner & Project Manager,https://www.linkedin.com/in/valentina-marino-87b41a41/,agent,low,2026-03-06
161,Lemon Sistemi S.p.A.,37.5098,3293,8563,Energia e servizi pubblici,Sicilia,1,https://www.lemonsistemi.it,Enrico Rizzo,Chief Financial Officer,https://www.linkedin.com/in/enrico-rizzo-b263aa42/,agent,high,2026-03-06
162,Upgrade Formazione S.r.l.,37.4544,787,2045,Formazione,Campania,0,https://www.upgradegroup.it,Walter Cernicchiaro,Responsabile area amministrazione | Rendicontazione,https://www.linkedin.com/in/walter-cernicchiaro-140a625b,agent,medium,2026-03-06
163,Morpheus Advisor S.r.l.,37.4339,6627,17202,Abbigliamento e moda,Toscana,5,https://apitalianluxury.com,Stefano Brasini,Founder and CFO,https://www.linkedin.com/in/stefano-brasini-8660069b/,agent,high,2026-03-06
164,NEWU S.r.l.,37.2658,1003,2595,Pubblicità e marketing,Lazio,1,https://www.newu.it,Raffaele Bifulco,Co-Founder & Managing Director,https://www.linkedin.com/in/raffaelebifulco/,agent,low,2026-03-06
165,CRMpartners S.r.l.,36.9359,2164,5558,IT e software,Lazio,2,https://www.crmpartners.it,Teresa Sorrentino,"Amministrazione, Finanza e Controllo di Gestione",https://www.linkedin.com/in/teresa-sorrentino-476359178/,agent,high,2026-03-06
166,Findynamic S.r.l.,36.5615,1596,4064,"Fintech, servizi finanziari e assicurazioni",Lombardia,1,https://www.findynamic.com,Enrico Vigano,CEO & Founder,https://www.linkedin.com/in/enrico-vigano-cfa-73bb5014/,agent,low,2026-03-06
167,Gesco S.p.A. Unipersonale,36.4027,10574,26834,Energia e servizi pubblici,Toscana,2,https://gesco.energy,Andrea Scardigli,CFO,https://www.linkedin.com/in/andrea-scardigli-61953791/,agent,high,2026-03-06
168,Huware S.r.l.,36.1193,11065,27906,IT e software,Lombardia,1,https://huware.com,Andrea Servili,CEO & Founder,https://it.linkedin.com/in/andreaservili/en,agent,low,2026-03-06
169,Teamservice S.r.l.,35.9911,4067,10227,IT e software,Abruzzo,3,https://tsv.it,Pietro Aquilano,Amministratore Unico,https://www.linkedin.com/in/pietro-aquilano-0432793b/,agent,low,2026-03-06
170,Petrarca S.r.l.,35.9635,1884,4735,Costruzione e ingegneria,Sicilia,1,https://www.petrarcagroup.it,Salvatore Petrarca,Fondatore,https://www.linkedin.com/in/salvatore-petrarca-791196b2/,agent,low,2026-03-06
171,Tera Automation S.r.l.,35.904,5313,13336,Macchinari e attrezzature,Toscana,5,https://www.tera-automation.com,Luca Fiorini,CEO,https://it.linkedin.com/in/luca-fiorini-56342842,agent,low,2026-03-06
172,Ansped S.r.l.,35.8954,4816,12086,Logistica e trasporto,Veneto,0,https://www.ansped.it,Marco Anselmi,Amministratore Delegato,,agent,low,2026-03-06
173,Riccardo Birolo S.r.l.,35.8232,8714,21835,Costruzione e ingegneria,Piemonte,0,https://riccardobirolo.com,,,,not_found,,2026-03-06
174,Storeis S.r.l.,35.8137,2528,6332,Pubblicità e marketing,Veneto,3,https://storeis.it,Leonardo Rossi,Agency Director & Controller,https://www.linkedin.com/in/leonardorossi135/,agent,medium,2026-03-06
175,Pasquetti Group S.r.l.,35.6195,33291,83041,Commercio all'ingrosso,Toscana,0,https://www.pasquettigroup.com,Bertilla Rigon,Head of Finance,https://www.linkedin.com/in/rigon-bertilla-9245973b,agent,medium,2026-03-06
176,Seingim Global Service S.r.l.,34.8213,18135,44441,"Servizi professionali, scientifici e tecnici",Veneto,6,https://www.seingim.it,Maurizio Cercone,Industrial Planning & Control Director,https://it.linkedin.com/in/maurizio-cercone-445a295,agent,medium,2026-03-06
177,Sagitta SGR S.p.A.,34.8128,2694,6602,"Fintech, servizi finanziari e assicurazioni",Lombardia,2,https://www.sagittasgr.it,Rosaria Barchiesi,Chief Financial Officer,https://www.linkedin.com/in/rosaria-barchiesi-7264991b/,agent,high,2026-03-06
178,Whoosnap S.r.l.,34.6676,2070,5056,"Fintech, servizi finanziari e assicurazioni",Lazio,2,https://www.insoore.com,Ines Marchionne,Head of Finance,,agent,medium,2026-03-06
179,Awair S.r.l.,34.5837,2133,5200,Consulenza manageriale,Lombardia,1,https://www.awair.eu,Gianfranco Gennaro,Founder and co-owner,https://www.linkedin.com/in/gianfranco-gennaro-b8975a21/,agent,low,2026-03-06
180,ISS International S.p.A.,34.3865,17814,43235,"Servizi professionali, scientifici e tecnici",Lazio,0,https://www.iss-international.com,Mariagrazia Dormio,"Finance, Administration & Control Director (CFO)",,agent,high,2026-03-06
181,Rent&Drive S.r.l.,34.3167,1813,4394,Auto e servizi associati,Lombardia,1,https://www.rentedrive.it,Davide Calloni,Co-Founder & CEO,https://www.linkedin.com/in/davide-calloni-22076652/,agent,low,2026-03-06
182,RSM Società di Revisione e Organizzazione Contabile S.p.A.,34.3107,12498,30281,Consulenza manageriale,Lombardia,0,https://www.rsm.global/italy/rsmrev/it,Simone De Filippi,CFO Services - Partner,https://www.linkedin.com/in/simonedefilippi/,agent,high,2026-03-06
183,Ottopuntozero S.r.l.,34.3078,2942,7127,Arredamento,Abruzzo,2,https://www.ottopuntozero.it,Paolo Ricotta,Amministratore,https://www.linkedin.com/in/paolo-ricotta-197874123/,agent,low,2026-03-06
184,T'a Milano S.r.l.,33.9207,6914,16607,Cibo e bevande,Lombardia,1,https://tamilano.com,Alberto Alemagna,Co-Fondatore e Imprenditore,,agent,low,2026-03-06
185,C.Costruzioni S.r.l.,33.8953,4075,9783,Costruzione e ingegneria,Basilicata,1,https://http://www.ccostruzionisrl.it,,,,not_found,,2026-03-06
186,GI Costruzioni S.r.l.,33.823,10386,24890,Costruzione e ingegneria,Marche,1,https://www.gicostruzioni.com,Simone Iorio Gnisci,Responsabile Finanza e Controllo,https://it.linkedin.com/in/simone-iorio-gnisci-64098767,agent,medium,2026-03-06
187,Florence One S.r.l.,33.7183,1712,4094,IT e software,Toscana,0,https://florence-one.it,Emiliano Ferroni,"Owner, COO",https://www.linkedin.com/in/emiliano-ferroni-b166937b/,agent,low,2026-03-06
188,Trama S.r.l.,33.6868,1156,2762,"Servizi professionali, scientifici e tecnici",Piemonte,0,https://www.trama-engineering.com,Marina Rava,Administration Director,https://it.linkedin.com/in/marina-rava-297635116,agent,medium,2026-03-06
189,Edilizia e Tecnologia S.r.l.,33.6652,1422,3396,Costruzione e ingegneria,Puglia,1,https://www.ediliziaetecnologia.it,Mario Cucci,Legale Rappresentante,https://www.linkedin.com/in/mario-cucci-369a4a1b1/,agent,low,2026-03-06
190,Lotrek Società Cooperativa,33.4811,2287,5438,Pubblicità e marketing,Toscana,0,https://www.lotrek.it,Davide Paganessi,Chief Financial and Operating Officer,https://www.linkedin.com/in/davidepaganessi/,agent,high,2026-03-06
191,Garage Raw S.r.l.,33.3796,1110,2635,Pubblicità e marketing,Emilia-Romagna,1,https://www.garageraw.com,Maria Luisa Delizo,Finance & Admin Assistant,,agent,medium,2026-03-06
192,M - Live S.r.l.,33.3676,1239,2938,IT e software,Emilia-Romagna,0,https://www.m-live.com,,,,not_found,,2026-03-06
193,Oropallo Giuseppe S.r.l.,32.8366,3783,8867,Vendita al dettaglio,Campania,1,n/a,Giuseppe Oropallo,Amministratore Unico,https://www.linkedin.com/in/giuseppe-oropallo-38ab8877/,agent,low,2026-03-06
194,I.CO.P. S.p.A. SB,32.7862,79973,187242,Costruzione e ingegneria,Friuli-Venezia Giulia,0,https://www.icop.it,Paolo Copetti,Group CFO,https://www.linkedin.com/in/paolo-copetti-01b58150/,agent,high,2026-03-06
195,OBA S.r.l.,32.773,766,1792,E-commerce,Campania,0,https://www.oba.srl/it,Camillo Sabatino,Titolare / Amministratore,https://www.linkedin.com/in/camillo-sabatino-%E2%9C%85-98126b8a,agent,low,2026-03-06
196,SVS S.r.l.,32.5865,18244,42524,Costruzione e ingegneria,Lombardia,4,https://www.svs-srl.com,,,,not_found,,2026-03-06
197,Sbamm S.r.l.,32.5576,3999,9314,E-commerce,Abruzzo,4,https://www.babylinoshop.com/shop,Massimiliano Bertocchi,Rappresentante aziendale (Confindustria),,agent,low,2026-03-06
198,Digital Evolution S.p.A.,32.548,796,1853,Pubblicità e marketing,Marche,0,https://www.ciaodino.com,Matteo Bilancioni,CEO & Founder,https://www.linkedin.com/in/matteobilancioni/,agent,low,2026-03-06
199,IFOM Soc. Coop. Sociale,32.3719,980,2272,Formazione,Emilia-Romagna,0,https://www.ifom.info,,,,not_found,,2026-03-06
200,C.A.M. - Costruzione Attrezzature Meccaniche S.r.l.,32.2966,14511,33600,Macchinari e attrezzature,Piemonte,0,https://www.cam-carmagnola.com,Andrea Tuninetti,Executive Managing Director,https://www.linkedin.com/in/andrea-tuninetti-80519112a/,agent,low,2026-03-06
201,Tea-Co Tecnologie Elettriche Applicate - Concorezzo S.p.A.,32.2326,11140,25758,Costruzione e ingegneria,Lombardia,0,https://teaco.it,,,,not_found,,2026-03-07
202,La Mercurio S.r.l.,32.2299,1940,4486,"Servizi professionali, scientifici e tecnici",Lombardia,1,https://www.lamercurio.com,Valeria Brambilla,Socio di Maggioranza,,agent,low,2026-03-07
203,Oga One Generation Ahead S.r.l.,32.1372,6044,13943,Commercio all'ingrosso,Lombardia,2,https://www.ogasrl.com,,,,not_found,,2026-03-06
204,HF S.r.l.,31.8563,3237,7421,Costruzione e ingegneria,Lombardia,3,https://accaeffe.it,Raffaele Tardi,Chairman,https://www.linkedin.com/in/raffaele-tardi-5a781b64/,agent,low,2026-03-07
205,Dotwords S.r.l. SB,31.7882,707,1619,"Servizi professionali, scientifici e tecnici",Lombardia,0,https://www.dotwords.it,Gabriella Soldadino,Founder & CEO,https://www.linkedin.com/in/gabriella-soldadino-a86120/,agent,low,2026-03-07
206,DigitalPa S.r.l.,31.7846,2846,6513,IT e software,Sardegna,0,https://www.digitalpa.it,Nicoletta Zoncheddu,CFO,,agent,high,2026-03-07
207,IL Ce.Sto Cooperativa Sociale,31.7423,3517,8043,Servizi sanitari e sociali,Liguria,0,https://www.ilcesto.org,Federica Scibetta,Presidente,https://it.linkedin.com/in/federica-scibetta-45a4b06a,agent,low,2026-03-07
208,Piazza Hotels & Residences S.r.l.,31.7205,9950,22740,Ospitalità e viaggi,Emilia-Romagna,1,https://www.piazzahotels.com,Fabrizio Samorì,CFO,https://it.linkedin.com/in/fabrizio-samorì-3656a6a,agent,high,2026-03-07
209,Groweb S.r.l.,31.6052,840,1915,Pubblicità e marketing,Emilia-Romagna,0,https://growebsrl.it,Silvio Crisafi,CEO,https://www.linkedin.com/in/silvio-crisafi-391898b5/,agent,low,2026-03-07
210,IT Centric S.p.A.,31.6006,7172,16345,IT e software,Campania,3,https://www.itcentric.it,Fabio Orsini,"Founder, CEO and Sales Director",https://www.linkedin.com/in/fabio-orsini-a474255/,agent,low,2026-03-07
211,Acetificio Andrea Milano,31.5423,13249,30156,Cibo e bevande,Campania,0,https://www.acetomilano.it,Marcello Milano,General Manager,,agent,low,2026-03-07
212,Dieng S.r.l.,31.4124,1279,2903,Macchinari e attrezzature,Toscana,0,https://http://www.diengcorp.it,Fabio Diana,"CEO, Owner",https://www.linkedin.com/in/fabio-diana-15662315/,agent,low,2026-03-07
213,Uniting Group Holding S.r.l. SB,30.7738,21429,47926,Pubblicità e marketing,Lombardia,0,https://uniting.it,Antonio Libi,Chief Financial Officer,https://www.linkedin.com/in/antonio-libi/,agent,high,2026-03-07
214,Papa Nicola S.r.l.,30.7536,5847,13070,Costruzione e ingegneria,Marche,0,https://www.papanicola.it,Nicola Papa,Amministratore Unico,https://www.linkedin.com/in/nicola-papa-4a5178b3/,agent,low,2026-03-07
215,Senergie S.r.l.,30.5818,5338,11886,Energia e servizi pubblici,Puglia,0,https://www.senergie.it,Nicola Anelli,"Responsabile Amministrazione, Finanza, Controllo e Servizi Commerciali",https://www.linkedin.com/in/nicola-anelli/,agent,high,2026-03-07
216,G.A. S.r.l.,30.4746,7834,17400,Arredamento,Lombardia,0,https://behomecasa.it,Walter Agrello,Direttore Generale,https://www.linkedin.com/in/walter-agrello-8a9b08151/,agent,low,2026-03-07
217,power2Cloud S.r.l.,30.4685,1247,2769,IT e software,Lombardia,0,https://power2cloud.com,Giordano Iovine,CEO & Co-Founder (Amministratore Unico),https://www.linkedin.com/in/giordanoiovine/,agent,low,2026-03-07
218,Sirio Wire S.r.l.,30.3525,1327,2940,Macchinari e attrezzature,Lombardia,0,https://siriowire.com,Thierry Heynen,General Manager,https://www.linkedin.com/in/thierry-heynen-348843aa/,agent,low,2026-03-07
219,Acquasystem S.r.l.,30.1739,5219,11511,Macchinari e attrezzature,Lombardia,0,https://www.acquasystemitalia.com,Filippo Valenti,General Manager,https://www.linkedin.com/in/filippo-valenti-a5534971/,agent,low,2026-03-07
220,Universo Bianco S.r.l.,30.1644,2557,5639,Cibo e bevande,Piemonte,0,https://universobianco.com,Luca Pittavino,Specialista amministrativo,https://www.linkedin.com/in/luca-pittavino-83b143153/,agent,medium,2026-03-07
221,Monogrid S.r.l.,30.1437,2425,5345,Pubblicità e marketing,Toscana,3,https://monogrid.com,Francesco Bernabei,CEO,https://www.linkedin.com/in/fbernabei/,agent,low,2026-03-07
222,I.T.E. S.r.l. SB,29.5913,9373,20398,Costruzione e ingegneria,Lazio,2,https://ite-srl.it,Matteo Ghiroldi,Direzione Generale,https://it.linkedin.com/in/matteoghiroldi,agent,low,2026-03-07
223,Makeitalia S.r.l. a Socio Unico,29.4949,8963,19463,Consulenza manageriale,Emilia-Romagna,1,https://www.makeitalia.com,Veronica Celozzi,Administration Specialist,https://www.linkedin.com/in/veronica-celozzi-782993108/,agent,medium,2026-03-07
224,Chianti Restorations S.r.l.,29.404,6001,13003,Costruzione e ingegneria,Lombardia,2,https://chiantirestorations.com/it,David Fattorini,CFO,https://www.linkedin.com/in/david-fattorini-637a1821/,agent,high,2026-03-07
225,Pellicano OpCo S.r.l.,29.3721,11472,24840,Ospitalità e viaggi,Toscana,0,https://www.pellicanohotels.com,Edoardo Avolio,Head of Finance,,agent,medium,2026-03-07
226,Pirene S.r.l.,29.3489,3004,6501,Pubblicità e marketing,Lombardia,4,https://www.pirene.it,Laura Frati Gucci,Founder and President,https://www.linkedin.com/in/laura-gucci-frati-94a90b4/,agent,low,2026-03-07
227,Ciano Shapes S.r.l.,29.2931,917,1982,Macchinari e attrezzature,Lombardia,0,https://cianoshapes.com,Davide Gamba,CEO,https://www.linkedin.com/in/davide-gamba-stampa3d/,agent,low,2026-03-07
228,Ciocomiti S.p.A.,29.0927,1295,2786,Cibo e bevande,Trentino-Alto Adige,2,https://ciocomiti.com,Matteo Fedrizzi,CEO e Fondatore,https://www.linkedin.com/in/matteo-fedrizzi-a7172524/,agent,low,2026-03-07
229,GV Filtri Industriali S.r.l.,29.079,2414,5193,Produzione industriale,Piemonte,0,https://www.gvfiltri.it,Marco Vicentini,Amministratore Delegato,https://www.linkedin.com/in/marcovice/,agent,low,2026-03-07
230,Sistec S.r.l.,29.0225,7318,15718,Costruzione e ingegneria,Puglia,1,https://sistec.it,Gianni Cuocci,CEO (responsabile direzione finanziaria ed economica),,agent,low,2026-03-07
231,International GC Motors S.r.l.,28.8747,15372,32903,Auto e servizi associati,Molise,0,https://www.gcmotors.it,Marco Colaizzo,Amministratore Unico,https://it.linkedin.com/in/marco-colaizzo-927149b7,agent,low,2026-03-07
232,Powering S.p.A.,28.71,38909,82963,Energia e servizi pubblici,Puglia,1,https://www.poweringsrl.it,Piero Giancano,Founder & CEO,https://it.linkedin.com/in/piero-giancano-2b840495,agent,low,2026-03-07
233,Rocam Losi S.r.l.,28.6943,2127,4534,Macchinari e attrezzature,Lombardia,0,https://www.rocam.it,Silvia Brambilla,Financial Officer,https://www.linkedin.com/in/silvia-brambilla-b6987663/,agent,high,2026-03-07
234,The Wave Studio S.r.l.,28.5184,899,1909,IT e software,Sicilia,1,https://www.thewavestudio.it,Francesco Bonanno,Founder & Managing Director,https://www.linkedin.com/in/francesco-bonanno-b87589a4/,agent,low,2026-03-07
235,D.F.V. S.r.l.,28.4448,59215,125482,Produzione industriale,Puglia,0,https://dfvgroup.it,Carmine Rizzo,Senior Financial Controller,https://www.linkedin.com/in/carmine-rizzo-45b0174/,agent,medium,2026-03-07
236,Xtream S.r.l.,28.4085,784,1660,IT e software,Lombardia,0,https://xtreamers.io,Alberto Di Gioacchino,"Founder, New Business",https://www.linkedin.com/in/alberto-di-gioacchino-a83b83a4/,agent,low,2026-03-07
237,Vismederi S.r.l.,28.3541,14439,30533,"Servizi professionali, scientifici e tecnici",Toscana,2,https://www.vismederi.com,Simone Paletti,Head of Finance Office,,agent,medium,2026-03-07
238,Horizon Technology Group S.p.A. SB,28.0735,4447,9343,Costruzione e ingegneria,Lazio,0,https://www.horizontg.com,Francesco Perpetua,CFO,https://it.linkedin.com/in/francesco-giacinto-perpetua-1b8a162b,agent,high,2026-03-07
239,Blue Ocean Finance S.p.A.,28.0405,1544,3242,Consulenza manageriale,Lazio,3,https://www.blueoceanfinance.it,Stefania Esposito,Managing Partner and Co-founder,https://www.linkedin.com/in/stefania-esposito-553b128/,agent,low,2026-03-07
240,Proteko S.p.A.,27.8893,6962,14563,"Servizi professionali, scientifici e tecnici",Veneto,4,https://www.proteko.it,Antonio Mendo,Amministratore Delegato,https://www.linkedin.com/in/antonio-mendo-6a6767118/,agent,low,2026-03-07
241,Blackship S.r.l. SB,27.8378,1724,3601,Formazione,Lombardia,1,https://www.blackship.it,Katiuscia Bertoni,Administration Manager,https://www.linkedin.com/in/katiuscia-bertoni-b82b69166,agent,medium,2026-03-07
242,Deltha Pharma S.r.l.,27.7813,1545,3223,"Prodotti farmaceutici, biotecnologie e scienze della vita",Lazio,3,https://www.delthapharma.com,Maria Francesca Aceti,CEO / Amministratore Delegato,https://www.linkedin.com/in/maria-francesca-aceti/,agent,low,2026-03-07
243,Business Changers S.r.l.,27.7395,4070,8483,IT e software,Lazio,1,https://business-changers.it,Pasquale Sorgentone,CEO e Fondatore,,agent,low,2026-03-07
244,Efarma Group S.r.l.,27.4035,28713,59379,E-commerce,Campania,2,https://www.efarma.com,Fabio Giuditta,Country CFO,https://www.linkedin.com/in/fabio-giuditta-960897109,agent,high,2026-03-07
245,MK S.p.A.,27.328,4555,9402,Prodotti chimici,Lombardia,0,https://www.mkspa.com,Angelo Fragliasso,Responsabile Amministrazione Finanza e Controllo,https://www.linkedin.com/in/angelo-fragliasso-20731b46/,agent,medium,2026-03-07
246,Incico S.p.A.,27.3279,8766,18096,Costruzione e ingegneria,Emilia-Romagna,0,https://www.incico.com,,,,not_found,,2026-03-07
247,Mini Hotel Apartments S.r.l.,27.2071,1608,3309,Ospitalità e viaggi,Lombardia,1,https://micasas.it,Enrico Cocini,Presidente,https://www.linkedin.com/in/enrico-cocini-5a288a3a/,agent,low,2026-03-07
248,RedAbissi S.r.l.,27.1954,932,1919,IT e software,Piemonte,1,https://redabissi.com,Lucio Gamba,CEO,https://www.linkedin.com/in/luciogamba/,agent,low,2026-03-07
249,DP Vision S.r.l.,27.1713,10738,22084,IT e software,Lombardia,0,https://www.dpvision.it,,,,not_found,,2026-03-07
250,AS Labruna S.r.l.,26.731,18640,37939,Macchinari e attrezzature,Puglia,0,https://www.aslabruna.it,Massimo Labruna,Amministratore Unico,https://www.linkedin.com/in/massimo-labruna-1a480222/,agent,low,2026-03-07
251,W.E.E. Water Environment Energy S.r.l.,26.7189,2523,5133,Costruzione e ingegneria,Campania,0,https://web.weesrl.it,Gianmarco Fontana,Amministratore Unico,https://www.linkedin.com/in/gianmarco-fontana-6b831b187/,agent,low,2026-03-07
252,Besharp S.p.A.,26.6425,3413,6932,IT e software,Lombardia,1,https://www.besharp.it,Alessandro Molina,"CFO, CMO & Co-founder",https://it.linkedin.com/in/molinaalessandro,agent,high,2026-03-07
253,On Site Services S.r.l.,26.4418,1601,3235,IT e software,Sicilia,0,https://www.oss.srl,,,,not_found,,2026-03-07
254,F.I.S. S.p.A.,26.4399,23420,47341,Costruzione e ingegneria,Lombardia,1,https://www.fisimpianti.eu,,,,not_found,,2026-03-07
255,Babylon Cloud S.p.A.,26.2159,2305,4635,IT e software,Lazio,3,https://www.babyloncloud.com,Alessandro De Losa,Chairman and CEO,https://it.linkedin.com/in/alessandrodelosa,agent,low,2026-03-07
256,OP Primo sole Soc. Cons. Agr. a r.l.,26.2115,10136,20378,"Agricoltura, silvicoltura e pesca",Basilicata,1,https://primosoleortofrutta.com,Francesca Appio,CFO,https://www.linkedin.com/in/francesca-appio-b596a296/,agent,high,2026-03-07
257,Gruppo Gheron S.r.l.,26.0551,75795,151817,Servizi sanitari e sociali,Lombardia,1,https://www.gruppogheron.it,Massimo Bariani,Amministratore Delegato,https://www.linkedin.com/in/massimo-bariani-b1ba4a15b/,agent,low,2026-03-07
258,DVision Architecture S.r.l.,26.0035,6001,12005,"Servizi professionali, scientifici e tecnici",Lombardia,2,https://dvarea.com/dva-progettazione-architettonica/,Tanya Dabellani,Direttore generale e CFO,,agent,high,2026-03-07
259,Booster Box S.r.l.,25.9775,4160,8318,Pubblicità e marketing,Toscana,1,https://www.precisdigital.com,Andrea Calabro,Head of Finance,https://it.linkedin.com/in/andrea-calabro-96b18968,agent,medium,2026-03-07
260,Ayes S.r.l.,25.9559,11725,23430,Costruzione e ingegneria,Lombardia,5,https://http://www.ayes.it,Danilo Spada,CEO,https://www.linkedin.com/in/danilo-spada-abc505050/,agent,low,2026-03-07
261,Tecnologie Edili S.r.l.,25.9495,1243,2484,Costruzione e ingegneria,Sicilia,1,https://www.tecnologiedili.it,Maura Melandri,Impiegata contabile ed amministrativa,https://it.linkedin.com/in/maura-melandri-a298b1231,agent,medium,2026-03-07
262,Hyntelo S.r.l.,25.9321,5380,10745,IT e software,Lazio,5,https://hyntelo.com,Ronan Gouello,CFO/CCO,https://www.linkedin.com/in/ronangouello/,agent,high,2026-03-07
263,Skills Consulting S.r.l.,25.71,2116,4204,Formazione,Campania,2,https://www.skills.it,Vincenzo Vietri,CEO / Direttore Generale,https://www.linkedin.com/in/vincenzovietri/,agent,low,2026-03-07
264,Eelectron S.p.A.,25.5364,9365,18527,IT e software,Lombardia,3,https://www.eelectron.com,Daniele Caso,Amministratore Unico,https://www.linkedin.com/in/daniele-caso-5b33a121/,agent,low,2026-03-07
265,Galassia S.r.l.,25.3793,1579,3113,Abbigliamento e moda,Umbria,1,https://www.pashmere.it,Gabriele Galatioto,Responsabile Amministrazione ed Organizzazione Aziendale,,agent,medium,2026-03-07
266,R2M Solution S.r.l.,25.3149,2991,5887,"Servizi professionali, scientifici e tecnici",Lombardia,0,https://www.r2msolution.com,Thomas Messervey,Co-Founder and CEO,https://www.linkedin.com/in/thomas-messervey-73710923/,agent,low,2026-03-07
267,Tecnoplast S.p.A.,25.2166,40226,78975,Produzione industriale,Marche,2,https://www.tecnoplastinfissi.com,Michela Denti,CFO,https://www.linkedin.com/in/michela-denti-a9367810b/,agent,high,2026-03-07
268,Yes Energy S.r.l.,25.2056,1347,2644,Energia e servizi pubblici,Campania,0,https://www.yes-energy.it,Giulio Romano,Co-fondatore,https://it.linkedin.com/in/giulio-romano-27b0b6b4,agent,low,2026-03-07
269,Frau Pharma S.r.l.,25.0316,3641,7117,"Prodotti farmaceutici, biotecnologie e scienze della vita",Lombardia,0,https://http://www.fraupharma.com,Francesco Autuori,President,https://it.linkedin.com/in/francesco-autuori-49962b85,agent,low,2026-03-07
270,Nethive S.p.A.,24.9056,6986,13613,IT e software,Veneto,2,https://www.nethive.it,Filippo Rossolato,Chief Financial Officer,,agent,high,2026-03-07
271,Trans Italadiem S.r.l.,24.825,2994,5824,Logistica e trasporto,Lombardia,1,https://http://www.transitaladiem.com,Luca Piscitilli,Proprietario,https://www.linkedin.com/in/luca-piscitilli-378ba043/,agent,low,2026-03-07
272,Furlan Retail S.r.l.,24.787,2727,5299,Beni immobili,Veneto,1,https://www.furlanretail.it,Andrea Furlan,Fondatore / Titolare,https://www.linkedin.com/in/andrea-furlan-5b21035/,agent,low,2026-03-07
273,ICS S.r.l.,24.6254,1223,2367,"Servizi professionali, scientifici e tecnici",Emilia-Romagna,0,https://www.ics-srl.com,Carlo Alberto Monti,Legale Rappresentante - Socio e Direttore Generale,https://www.linkedin.com/in/carlo-alberto-monti-91551827/,agent,low,2026-03-07
274,Ignalat S.r.l.,24.6106,8191,15849,Cibo e bevande,Puglia,1,https://www.ignalat.com,,,,not_found,,2026-03-07
275,Themenos Progetti S.r.l.,24.5252,1721,3323,"Servizi professionali, scientifici e tecnici",Sicilia,1,https://www.themenosprogetti.com,Eliana Federico,"Procurement, Purchasing and Cost Control Manager",https://www.linkedin.com/in/eliana-federico-2435ab232/,agent,medium,2026-03-07
276,Gusti d'Italia S.r.l. SB,24.5138,6189,11948,Cibo e bevande,Piemonte,3,https://gustiditalia.com,,,,not_found,,2026-03-07
277,HD Casa S.r.l.,24.3429,1932,3715,E-commerce,Campania,0,https://www.hdcasa.it,Angelo Margarella,Titolare,https://www.linkedin.com/in/angelo-margarella-7b405052/,agent,low,2026-03-07
278,Curnis Gioielli 3C S.r.l.,24.1576,4495,8604,Vendita al dettaglio,Lombardia,0,https://www.curnisgioielli.it,Cesare Curnis,Owner / Proprietario,https://it.linkedin.com/in/cesare-curnis-7193876,agent,low,2026-03-07
279,Steriline S.r.l.,24.1482,33969,64998,Macchinari e attrezzature,Lombardia,0,https://www.steriline.it,Marco Frigerio,Finance & Administration Manager,https://www.linkedin.com/in/marfrigerio/,agent,medium,2026-03-07
280,Informatica EDP S.r.l.,24.0626,3003,5735,IT e software,Piemonte,0,https://www.informaticaedp.com,Roberto Bioddo,CEO,https://it.linkedin.com/in/roberto-bioddo-30275a43,agent,low,2026-03-07
281,Flash Battery S.r.l.,24.061,17297,33028,Produzione industriale,Emilia-Romagna,1,https://www.flashbattery.tech/it,Marco Righi,CEO e Fondatore,https://www.linkedin.com/in/marcorighi/,agent,low,2026-03-07
282,IWE S.r.l.,23.9269,5507,10481,Macchinari e attrezzature,Lombardia,0,https://www.iwe-evaporators.com,Marco Signorelli,Titolare (Co-owner),https://www.linkedin.com/in/marco-signorelli-77712869/,agent,low,2026-03-07
283,Double A S.p.A.,23.899,4059,7721,Abbigliamento e moda,Sardegna,0,https://www.eyesportshop.com/it,Alessandro Ariu,Amministratore Unico,https://it.linkedin.com/in/alessandro-ariu-3016a280,agent,low,2026-03-07
284,Etuitus S.r.l.,23.8445,842,1598,IT e software,Campania,0,https://www.etuitus.it/,Maurizio Scotto di Suoccio,CFO,https://www.linkedin.com/in/maurizio-scotto-di-suoccio-838aa113/,agent,medium,2026-03-07
285,Enerfin S.p.A.,23.822,47838,90817,Energia e servizi pubblici,Lazio,0,https://enerfin.it,Francesco Borrelli,Presidente,https://www.linkedin.com/in/francesco-borrelli-34293338/,agent,low,2026-03-07
286,Beantech S.r.l.,23.7886,15762,29898,IT e software,Friuli-Venezia Giulia,0,https://www.beantech.it,Diego Zonta,CFO & Board Member,https://www.linkedin.com/in/diegozonta/,agent,high,2026-03-07
287,Casa39 S.r.l.,23.7065,5933,11233,E-commerce,Puglia,1,https://www.casa39.it,Elio Baldini,Business Owner / CEO (Amministratore),https://www.linkedin.com/in/baldinielio/,agent,low,2026-03-07
288,Advice Group S.p.A.,23.6595,5931,11216,Pubblicità e marketing,Piemonte,0,https://advicegroup.it/,Fulvio Furbatto,Founder & CEO,https://www.linkedin.com/in/fulvio-furbatto-b5b14916/,agent,low,2026-03-07
289,Cepo S.r.l.,23.6136,5449,10292,Produzione industriale,Lazio,1,https://www.imballaggicepo.it,,,,not_found,,2026-03-07
290,Dynamicom Education S.r.l.,23.5761,12189,23003,Formazione,Lombardia,0,https://www.dynamicom-education.it,Roberta Santambrogio,Responsabile amministrativo,,agent,medium,2026-03-07
291,Pasquarelli Auto S.p.A.,23.541,191071,360270,Auto e servizi associati,Abruzzo,0,https://www.pasquarelliauto.it,Federica Pasquarelli,CFO,https://www.linkedin.com/in/federicapasquarelli/,agent,high,2026-03-07
292,Technocover S.r.l.,23.3863,3037,5705,Costruzione e ingegneria,Lombardia,0,https://www.technocover.it,Lorenzo Ricchiuti,Co Founder,https://www.linkedin.com/in/lorenzo-ricchiuti-bb784673/,agent,low,2026-03-07
293,A.S.C.C. S.r.l.,23.2651,5993,11224,Costruzione e ingegneria,Lombardia,1,https://www.asccsrl.it,Valentino Crotti,Amministratore,,agent,low,2026-03-07
294,Déco S.p.A.,23.2044,20151,37686,Arredamento,Lombardia,0,https://www.decodecking.it,Andrea Pasquini,Business Controller,https://www.linkedin.com/in/andreapasquini/,agent,medium,2026-03-07
295,Infoteam S.r.l. (Gruppo Go Infoteam),23.0085,8852,16476,IT e software,Abruzzo,0,https://http://www.goinfoteam.it,Massimo Di Remigio,Amministratore Unico,https://www.linkedin.com/in/massimo-di-remigio/,agent,low,2026-03-07
296,Digital Angels S.r.l. a Socio Unico,22.9506,8716,16200,Pubblicità e marketing,Lazio,6,https://digitalangels.com,Matteo La Piana,Financial Director,https://it.linkedin.com/in/matteo-la-piana-38ab23105,agent,high,2026-03-07
297,Kefa S.r.l.,22.9409,1050,1951,Auto e servizi associati,Sicilia,1,https://brokerricambi.com,Christian Sorbello,Titolare (Owner),https://www.linkedin.com/in/christian-sorbello/,agent,low,2026-03-07
298,Effezeta System S.r.l.,22.762,7459,13800,Produzione industriale,Lazio,2,https://www.effezeta.it,Raffaele Giardullo,CEO / Amministratore,,agent,low,2026-03-07
299,Mollo S.r.l.,22.7468,81432,150599,Macchinari e attrezzature,Piemonte,1,https://www.mollofratelli.com,Andrea Bonamico,Responsabile Finanziario,https://www.linkedin.com/in/andrea-bonamico-85965331,agent,high,2026-03-07
300,DES Composites S.r.l.,22.6435,1169,2157,Aerospaziale e difesa,Abruzzo,1,https://www.descomposites.com,Tiziana D'Amato,Head of Admin and HR,https://it.linkedin.com/in/tiziana-d-amato-32096881,agent,medium,2026-03-07
301,Lombardini22 S.p.A.,22.6329,24567,45307,"Servizi professionali, scientifici e tecnici",Lombardia,1,https://www.lombardini22.com,Elda Bianchi,Partner & CFO,,agent,high,2026-03-07
302,Team Office S.r.l.,22.6113,8215,15142,Media e telecomunicazioni,Lazio,0,https://www.teamofficecom.it,Giovanni Anzani,Amministratore Unico,https://it.linkedin.com/in/giovanni-anzani-9597bb7a,agent,low,2026-03-07
303,Aiviewgroup S.r.l.,22.555,1888,3475,"Servizi professionali, scientifici e tecnici",Lazio,0,https://www.aiviewgroup.com,Stefano Gennenzi,CEO,,agent,low,2026-03-07
304,Elsa Solutions S.p.A.,22.474,11931,21919,Macchinari e attrezzature,Emilia-Romagna,1,https://elsaweb.it,Daniela Dal Pozzo,Direttore Finanziario,https://it.linkedin.com/in/daniela-dal-pozzo-02443259,agent,high,2026-03-07
305,Exacon S.r.l.,22.4529,1135,2084,IT e software,Lombardia,1,https://www.exacon.it,,,,not_found,,2026-03-07
306,Teco S.r.l.,22.3475,7437,13619,"Servizi professionali, scientifici e tecnici",Emilia-Romagna,0,https://www.tecoservizi.it,Ivano Poggi,Amministratore,https://it.linkedin.com/in/ivano-poggi-b7396744,agent,low,2026-03-07
307,Energy Seller S.r.l.,22.3261,5911,10820,Energia e servizi pubblici,Liguria,1,https://www.energyseller.it,,,,not_found,,2026-03-07
308,Tecnoimpianti Water Treatment S.r.l.,22.244,3720,6795,Macchinari e attrezzature,Lombardia,0,https://www.tecnoimp.com,Jacopo Parolin,Managing Director,https://www.linkedin.com/in/jacopo-parolin-92a2992b/,agent,low,2026-03-07
309,Italtekno S.r.l.,22.1868,1575,2874,Energia e servizi pubblici,Sicilia,2,https://www.italtekno.com,Guglielmo Speciale,Amministratore (CEO),https://www.linkedin.com/in/guglielmo-speciale-867a741/,agent,low,2026-03-07
310,so.ge.s.a. S.r.l.,22.1667,4281,7805,"Servizi professionali, scientifici e tecnici",Sicilia,0,https://www.sogesa.net,Francesco Arena,"AFC (Amministrazione, Finanza e Controllo)",,agent,medium,2026-03-07
311,Alpier S.r.l.,22.1557,903,1646,Costruzione e ingegneria,Puglia,0,https://www.alpiersrl.it,,,,not_found,,2026-03-07
312,Rifò S.r.l.,22.0078,1958,3556,Abbigliamento e moda,Toscana,2,https://rifo-lab.com,Niccolò Cipriani,Founder & CEO,https://www.linkedin.com/in/niccol%C3%B2-cipriani-1308b553/,agent,low,2026-03-07
313,Vetrocar&Bus S.p.A.,21.8645,33860,61280,Auto e servizi associati,Veneto,0,https://www.vetrocar.it,Maurizio Acri,Amministratore Delegato,https://www.linkedin.com/in/maurizio-acri-00997020/,agent,low,2026-03-07
314,System Car S.r.l. a Socio Unico,21.8305,2482,4488,Auto e servizi associati,Lombardia,3,https://http://www.systemcar.eu,Carlo Zola,Titolare / Fondatore,,agent,low,2026-03-07
315,Edil San Felice S.p.A. SB,21.7737,27934,50443,Costruzione e ingegneria,Campania,0,https://www.edilsanfelice.it,Vincenzo Di Pietro,CFO,,agent,high,2026-03-07
316,Agenzia Formativa Dante Alighieri S.r.l.,21.7699,3890,7024,Formazione,Lombardia,0,https://www.didatticagenzialighieri.it,Maurizio Bigioni,Direttore Generale,,agent,low,2026-03-07
317,Nipe Design S.r.l.,21.6925,1725,3108,Commercio all'ingrosso,Trentino-Alto Adige,1,https://www.nipe.it,Egon Baldo,Socio e Amministratore,https://www.linkedin.com/in/egon-baldo-727872a9/,agent,low,2026-03-07
318,Sicily By Car S.p.A.,21.5152,75237,134997,Auto e servizi associati,Trentino-Alto Adige,1,https://www.sicilybycar.it,Pietro Schirò,Responsabile area bilancio e controllo di gestione,https://www.linkedin.com/in/pietro-schiro-88320012a,agent,medium,2026-03-07
319,Crezza S.r.l.,21.4639,14523,26026,Produzione industriale,Lombardia,0,https://www.crezza.com,Francesca Guerini,Resp. Amministrativo,https://www.linkedin.com/in/francesca-guerini-6aa000117/,agent,medium,2026-03-07
320,Blu Appalti S.r.l.,21.4165,3549,6353,Costruzione e ingegneria,Abruzzo,3,https://www.bluappalti.it,Carlo Orsini,Responsabile Amministrativo,,agent,medium,2026-03-07
321,Bluewind S.r.l.,21.3623,1602,2863,"Servizi professionali, scientifici e tecnici",Veneto,0,https://www.bluewind.it,Nicola Bergamin,"Managing Director of Sales (responsible for business development, finance and contracts)",https://it.linkedin.com/in/nicolabergamin,agent,medium,2026-03-07
322,Transporent S.r.l.,21.2927,4154,7412,Logistica e trasporto,Puglia,2,https://www.transporentsrl.it,,,,not_found,,2026-03-07
323,SunCity Group S.r.l.,21.2476,20323,36225,Energia e servizi pubblici,Abruzzo,3,https://www.suncityitalia.com,Giancarlo Sanzo,CFO (Chief Financial Officer),https://www.linkedin.com/in/giancarlo-sanzo-6a21599/,agent,high,2026-03-07
324,Link.it S.r.l.,21.1907,2138,3805,IT e software,Toscana,1,https://www.link.it,Claudio Castronuovo,Co-CEO,https://it.linkedin.com/in/claudiocastronuovo,agent,low,2026-03-07
325,Active Technologies S.r.l.,21.175,2810,4999,Macchinari e attrezzature,Emilia-Romagna,2,https://www.activetechnologies.it,Paolo Pellati,Owner,https://www.linkedin.com/in/paolo-pellati-a6b5069/,agent,low,2026-03-07
326,Filva S.r.l.,21.1456,7412,13179,Costruzione e ingegneria,Lombardia,0,https://www.filvasrl.it,Roberto Frigerio,Responsabile Contabilità Industriale e Gestione Qualità,,agent,medium,2026-03-07
327,Increso S.r.l.,20.9644,3390,5999,IT e software,Lazio,0,https://increso.it,,,,not_found,,2026-03-07
328,Yocabe S.r.l.,20.9632,5512,9756,E-commerce,Puglia,4,https://www.yocabe.com,Giammarco Russo,"Finance, Controlling & Business Intelligence",https://it.linkedin.com/in/giammarco-russo,agent,medium,2026-03-07
329,VoipVoice S.r.l.,20.9632,7924,14025,Media e telecomunicazioni,Toscana,3,https://www.voipvoice.it,Simone Terreni,Managing Director,https://www.linkedin.com/in/simone-terreni/,agent,low,2026-03-07
330,Porcamo S.r.l.,20.9177,4227,7472,E-commerce,Campania,0,https://isuit.it,Piergiuseppe Castiello,CEO,https://it.linkedin.com/in/piergiuseppe-castiello-00a15882,agent,low,2026-03-07
331,Mylav S.r.l.,20.9171,9715,17175,Servizi sanitari e sociali,Puglia,7,https://mylav.net,Guglielmo Giordano,Amministratore Unico,,agent,low,2026-03-07
332,Xilia S.r.l.,20.7903,1963,3459,Arredamento,Veneto,3,https://xilia.it,Gian Luca Gaiarin,Co-Founder | Head of Operations,https://it.linkedin.com/in/gian-luca-gaiarin-89695170,agent,low,2026-03-07
333,Sistemi Industriali S.p.A.,20.7698,32771,57725,Macchinari e attrezzature,Lombardia,0,https://www.sistemiindustriali.com,Dario Felline,CEO,https://it.linkedin.com/in/dario-felline-0894a77,agent,low,2026-03-07
334,Nemo Consulting S.r.l.,20.7432,1357,2388,Consulenza manageriale,Lombardia,2,https://www.nemoconsulting.it,Andrea Mitrovich,Managing Partner,https://www.linkedin.com/in/andrea-mitrovich-4b2bb72/,agent,low,2026-03-07
335,Maxxi Engineering S.r.l.,20.7416,3102,5460,Costruzione e ingegneria,Sardegna,1,https://www.maxxiengineering.it,Enrico Mascia,Presidente,,agent,low,2026-03-07
336,Fairmat S.r.l.,20.5832,5722,10033,"Fintech, servizi finanziari e assicurazioni",Veneto,5,https://www.fairmat.com,Franca Cristofoli,Chief Financial Officer,,agent,high,2026-03-07
337,F.M. Trasporti S.r.l.,20.5688,16822,29483,Logistica e trasporto,Lazio,2,https://fmtrasporti.com,Eleonora Cesarini,Responsabile del Controllo di Gestione,https://www.linkedin.com/in/eleonora-cesarini-645a8ba9/,agent,medium,2026-03-07
338,HPM Hydraulic Performance Machines S.r.l.,20.4803,11292,19747,Macchinari e attrezzature,Marche,1,https://www.hpmitaly.com,Giacomo Cartechini,CEO / co-Founder,https://it.linkedin.com/in/giacomo-cartechini-58b333b1,agent,low,2026-03-07
339,Future Age S.r.l.,20.3486,2321,4045,Consulenza manageriale,Lombardia,0,https://www.future-age.eu,Stefania Bianchi,Head of Administration CFO,https://it.linkedin.com/in/stefania-bianchi-65432610b,agent,high,2026-03-07
340,Maflex S.r.l.,20.2956,5552,9666,Macchinari e attrezzature,Toscana,0,https://www.maflex.it,Sara Carli,"Finance, Legal & HR Specialist",https://www.linkedin.com/in/sara-carli-/,agent,medium,2026-03-07
341,Sitael S.p.A.,20.2569,35014,60894,Aerospaziale e difesa,Puglia,0,https://www.sitael.com,Chiara Pertosa,CEO (Amministratore Delegato),https://it.linkedin.com/in/chiara-pertosa,agent,low,2026-03-07
342,First Point S.r.l.,20.1669,3523,6114,IT e software,Emilia-Romagna,0,https://www.firstpoint.website,Laura Tedeschi,"Treasury, Cash Management, Customer Support",https://www.linkedin.com/in/laura-tedeschi-9a62361b6/,agent,medium,2026-03-07
343,Kolinpharma S.p.A.,19.9979,11173,19306,"Prodotti farmaceutici, biotecnologie e scienze della vita",Lombardia,1,https://www.kolinpharma.com,Rita Paola Petrelli,CFO (Chief Financial Officer),https://www.linkedin.com/in/rita-paola-petrelli-89009b5b/,agent,high,2026-03-07
344,Teleconsys S.p.A.,19.9731,12395,21405,IT e software,Lazio,0,https://www.teleconsys.it,Vincenzo Brusaporci,Chief Financial Officer,https://www.linkedin.com/in/vincenzo-brusaporci-98a3833a,agent,high,2026-03-07
345,Agaton S.r.l.,19.8641,5651,9732,"Prodotti farmaceutici, biotecnologie e scienze della vita",Campania,1,https://www.agaton.info,Pietro Giannitti,Chief Financial Officer,https://it.linkedin.com/in/pietro-giannitti-6b260078,agent,high,2026-03-07
346,Dulàc Farmaceutici 1982 S.r.l.,19.8577,6176,10634,"Prodotti farmaceutici, biotecnologie e scienze della vita",Piemonte,2,https://www.dulacfarmaceutici.com,Gabriele Bollani,CEO,https://it.linkedin.com/in/gabriele-bollani/en,agent,low,2026-03-07
347,Leone S.r.l.,19.8476,35961,61905,Smaltimento rifiuti & riciclo,Puglia,0,https://www.leonemetalli.com,Alessandro Di Terlizzi,"Fondatore, Amministratore",https://it.linkedin.com/in/alessandro-di-terlizzi-12870019a,agent,low,2026-03-07
348,LMG Building S.r.l.,19.7754,5656,9718,Costruzione e ingegneria,Lombardia,0,n/a,,,,not_found,,2026-03-07
349,Castel S.r.l.,19.7616,2388,4101,Abbigliamento e moda,Lazio,1,https://www.ballerette.com,Luca Amoroso,Founder and CEO,https://www.linkedin.com/in/luca-amoroso-6820b212/,agent,low,2026-03-07
350,Falcor S.r.l.,19.6216,4644,7949,Macchinari e attrezzature,Lombardia,0,https://www.falcorpresse.it,Alberto Mariani,Fondatore e Amministratore,https://www.linkedin.com/in/alberto-mariani-a034782/,agent,low,2026-03-07
351,Fope S.p.A.,19.597,38957,66641,Abbigliamento e moda,Veneto,1,https://www.fope.com,Diego Nardin,Chief Executive Officer,https://www.linkedin.com/in/diego-nardin-6846b63/,agent,low,2026-03-07
352,Guzzini & Fontana Projects S.r.l.,19.5666,5206,8899,Arredamento,Abruzzo,2,https://guzziniefontana.it,Paolo Corradi,Amministratore Delegato,,agent,low,2026-03-07
353,Deolab S.r.l.,19.5557,3361,5743,Commercio all'ingrosso,Lombardia,0,https://www.deolabsrl.com,Antonella Costa,Amministratore Delegato,https://it.linkedin.com/in/antonella-costa-6a3451138,agent,low,2026-03-07
354,GreenFeedCycles S.r.l.,19.5226,6402,10931,"Agricoltura, silvicoltura e pesca",Emilia-Romagna,2,https://www.greenfeed.it,Lorena Barbieri,Amministrazione,,agent,medium,2026-03-07
355,Wearable Robotics S.r.l.,19.4096,919,1564,Macchinari e attrezzature,Toscana,0,https://wearable-robotics.com,Francesca Picarone,Chief Financial Officer,https://www.linkedin.com/in/francesca-picarone-963592a4,agent,high,2026-03-07
356,Brocchetta S.r.l.,19.4022,1368,2329,Cibo e bevande,Piemonte,1,https://www.brocchettafood.com,Bruno Brocchetta,Presidente,https://it.linkedin.com/in/bruno-brocchetta-51954573,agent,low,2026-03-07
357,Webranking S.r.l.,19.0246,30552,51517,Pubblicità e marketing,Emilia-Romagna,7,https://www.webranking.it,Andrea Storchi,CFO,https://it.linkedin.com/in/andreastorchi,agent,high,2026-03-07
358,Proevo S.r.l.,19.0147,1294,2182,Consulenza manageriale,Veneto,0,https://www.proevosrl.it,Andrea Cuzzolin,Finance,,agent,medium,2026-03-07
359,FSE Progetti S.r.l.,19,1013,1706,"Servizi professionali, scientifici e tecnici",Emilia-Romagna,1,https://www.fseprogetti.it,Melania Di Biase,CFO,https://it.linkedin.com/in/melania-di-biase-28a647104,agent,high,2026-03-07
360,Lorusso Arredamenti S.r.l.,18.9542,4485,7549,Arredamento,Puglia,1,https://www.lorussoarredamenti.com,Daniele Di Bari,Controllo,https://www.linkedin.com/in/daniele-di-bari-965175147/,agent,medium,2026-03-07
361,Demus S.p.A.,18.9105,5956,10014,Cibo e bevande,Friuli-Venezia Giulia,0,https://www.demus.it,Massimiliano Fabian,Presidente e CEO,https://www.linkedin.com/in/massimiliano-fabian-4816141/,agent,low,2026-03-07
362,Keytech S.r.l.,18.787,5512,9239,IT e software,Lazio,5,https://www.keytech.srl,Luigi Tufano,CEO & Chairman,https://www.linkedin.com/in/luigi-tufano-6477635/,agent,low,2026-03-07
363,Avilia Group S.r.l.,18.7679,6017,10081,E-commerce,Lombardia,0,https://www.aviliagroup.it,Vincenzo Avilia,Amministratore Unico,,agent,low,2026-03-07
364,M.K. Trading S.r.l.,18.6024,5164,8615,Commercio all'ingrosso,Campania,3,https://www.mktrading.it,,,,not_found,,2026-03-07
365,M&W Veronesi e Associati S.r.l. STP,18.5909,2576,4297,"Servizi professionali, scientifici e tecnici",Emilia-Romagna,2,https://www.mwassociati.it,Egidio Veronesi,President,https://it.linkedin.com/in/egidio-veronesi-69337bbb,agent,low,2026-03-07
366,Casini S.p.A.,18.4305,29114,48360,Beni immobili,Toscana,1,n/a,,,,not_found,,2026-03-07
367,Morbio Costruzioni S.p.A.,18.3268,32474,53801,Costruzione e ingegneria,Lombardia,1,https://www.morbiocostruzioni.com,Mikael De Gasperi,Direttore Finanziario,https://www.linkedin.com/in/mikael-de-gasperi-3b9845203/,agent,high,2026-03-07
368,Summeet S.r.l.,18.2785,12253,20275,"MICE (Meetings, Incentives, Conferences, Exhibitions)",Lombardia,1,https://www.summeet.it,Matteo Bruno Calveri,Amministratore Delegato,https://www.linkedin.com/in/matteo-bruno-calveri-56b37316/,agent,low,2026-03-07
369,Le Delizie Del Sud S.r.l.,17.8764,54240,88838,Commercio all'ingrosso,Campania,0,https://ledeliziedelsud.it,Salvatore Bagnati,Amministratore Delegato,https://www.linkedin.com/in/salvatore-bagnati-bb900555/,agent,low,2026-03-07
370,Power Energia Soc. Coop.,17.8072,36745,60078,Energia e servizi pubblici,Emilia-Romagna,0,https://www.powerenergia.eu,Cristian Golinelli,Amministratore Delegato,https://www.linkedin.com/in/cristian-golinelli-423b3a15a/,agent,low,2026-03-07
371,Sallustio S.r.l.,17.7995,12559,20530,Produzione industriale,Molise,1,https://www.sallustioinfissi.it,Fabrizio Sallustio,Direttore finanza e controllo,https://it.linkedin.com/in/fabrizio-sallustio-02829828,agent,high,2026-03-07
372,Renova S.r.l.,17.6815,6947,11321,Produzione industriale,Lombardia,0,https://www.renova-srl.com,Ugo Re,Amministratore Unico,https://it.linkedin.com/in/ugo-re-1567b153,agent,low,2026-03-07
373,Gallas Group S.r.l.,17.6646,6785,11053,Servizi per l'impiego,Friuli-Venezia Giulia,4,https://www.gallasgroup.it,Alberto Gallas,CEO & Founder,https://it.linkedin.com/in/alberto-gallas-424a2a66,agent,low,2026-03-07
374,Global Biomedical Service S.r.l.,17.6618,4497,7326,"Prodotti farmaceutici, biotecnologie e scienze della vita",Campania,1,https://www.gbsmed.it,Emiliana De Prisco,CFO,https://www.linkedin.com/in/emiliana-de-prisco-b8253a134/,agent,high,2026-03-07
375,Selectus S.r.l.,17.629,4880,7943,Commercio all'ingrosso,Puglia,0,https://www.spinaingros.it,Luigi Spina,General Manager,https://it.linkedin.com/in/luigi-spina,agent,low,2026-03-07
376,Friulia S.p.A.,17.5955,12754,20740,"Fintech, servizi finanziari e assicurazioni",Friuli-Venezia Giulia,1,https://www.friulia.it/it,Andrea Bertoz,Head of Treasury (Tesoreria & Debt Advisory),https://www.linkedin.com/in/andreabertoz/,agent,medium,2026-03-07
377,Master Italia S.p.A. SB,17.5355,19549,31742,Abbigliamento e moda,Veneto,0,https://atlantisheadwear.com/it,Giorgia Rotelli,Administrative & Finance Manager,https://www.linkedin.com/in/giorgia-rotelli-90345553,agent,medium,2026-03-07
378,Reparo S.r.l.,17.3143,23683,38238,Cibo e bevande,Sardegna,0,https://www.latteriedisardegna.com,Paolo Fadda,Amministratore,https://it.linkedin.com/in/paolo-fadda-7661b881,agent,low,2026-03-07
379,DocFinance S.r.l.,17.3086,9409,15189,IT e software,Emilia-Romagna,0,https://www.docfinance.net,Mauro Tranquilli,CEO (Amministratore Delegato),https://www.linkedin.com/in/mauro-tranquilli-2830347/,agent,low,2026-03-07
380,Co.Fo.Me.Gra. S.r.l.,17.2864,3409,5500,Macchinari e attrezzature,Lombardia,2,https://www.cofomegra.it,Massimo Spreafico,Amministratore Unico,https://www.linkedin.com/in/massimo-spreafico-2755791a0/,agent,low,2026-03-07
381,Aferetica S.r.l.,17.257,6328,10202,"Prodotti farmaceutici, biotecnologie e scienze della vita",Emilia-Romagna,0,https://www.aferetica.com,Mauro Atti,Amministratore Unico,https://www.linkedin.com/in/mauro-atti-2b60b029/,agent,low,2026-03-07
382,Dado S.r.l. Unipersonale,17.2212,2085,3358,E-commerce,Lombardia,0,https://dadoshop.it,Davide Tangherò,CEO,https://it.linkedin.com/in/davide-tanghero-8a444793,agent,low,2026-03-07
383,Genomix4Life S.r.l.,17.2182,1016,1637,"Prodotti farmaceutici, biotecnologie e scienze della vita",Campania,0,https://www.genomix4life.com,Giuseppe Belvedere,Amministrazione e rendicontazione progetti,,agent,medium,2026-03-07
384,Cava Energia S.r.l.,17.1555,1331,2140,Energia e servizi pubblici,Campania,2,https://www.cavaenergia.it,Valeria Milito,Responsabile Amministrazione e Contabilità,,agent,medium,2026-03-07
385,Royal Global Net S.r.l.,17.0051,8184,13109,"Servizi professionali, scientifici e tecnici",Lombardia,0,https://www.royalsrl.org,Luca Signorelli,CEO / Amministratore,https://it.linkedin.com/in/luca-signorelli-65173823,agent,low,2026-03-07
386,Nemesi Italia S.r.l.,16.9807,1643,2631,IT e software,Lombardia,0,https://nemesitalia.it,Mauro Vanoli,Chief Executive Officer,https://www.linkedin.com/in/mauro-vanoli-7431a84b/,agent,low,2026-03-07
387,Ubicos S.r.l.,16.8957,5790,9248,Produzione industriale,Lombardia,1,https://ubicos.it,Stefano Ubbiali,CEO,https://www.linkedin.com/in/stefanoubbiali/,agent,low,2026-03-07
388,Laca Trade S.r.l.,16.7909,31721,50532,Commercio all'ingrosso,Lombardia,0,https://www.lacatrade.com,Cristiana Novi,Responsabile Amministrativo,https://it.linkedin.com/in/cristiana-novi-84a03b144,agent,medium,2026-03-07
389,Target S.p.A.,16.7008,8182,13003,Cibo e bevande,Calabria,0,https://targetspa.net,Antonio Serratore,Amministratore Unico,,agent,low,2026-03-07
390,T. Petrol S.r.l.,16.5907,24434,38724,Commercio all'ingrosso,Lazio,0,https://http://www.tpetrol.it,,,,not_found,,2026-03-07
391,Scai Comunicazione S.r.l. SB,16.5885,1218,1931,Pubblicità e marketing,Basilicata,0,https://scaicomunicazione.com,Alessandra Santoro,Amministratore Unico,https://www.linkedin.com/in/alessandra-santoro-247a5a150/,agent,low,2026-03-07
392,Caffeina S.p.A. SB,16.5372,13410,21224,Pubblicità e marketing,Emilia-Romagna,0,https://caffeina.com,Henry Sichel,Co-Founder & General Manager (Finance & HR),https://www.linkedin.com/in/henrysichel/,agent,medium,2026-03-07
393,Edu Group S.r.l.,16.488,30862,48783,IT e software,Lombardia,0,https://www.edugroup.it/b2b,Stefano Ghidini,CEO,https://www.linkedin.com/in/stefano-ghidini-50587648/,agent,low,2026-03-07
394,Tradeco S.r.l.,16.333,6960,10958,Macchinari e attrezzature,Emilia-Romagna,1,https://second-hand-ceramic-machinery.com,,,,not_found,,2026-03-07
395,Fluimac S.r.l.,16.1879,6510,10210,Macchinari e attrezzature,Lombardia,0,https://www.fluimac.com,Pietro Vagliviello,CEO,https://www.linkedin.com/in/pietro-vagliviello-b7a378a4/,agent,low,2026-03-07
396,Diellex S.r.l.,16.1538,1830,2868,Produzione industriale,Veneto,0,https://http://www.diellex.com,Roberto Dal Molin,Amministratore,https://www.linkedin.com/in/roberto-dal-molin-48960412b/,agent,low,2026-03-07
397,C&P S.r.l.,16.1306,14715,23046,Servizi sanitari e sociali,Piemonte,0,https://www.candpgroup.it,Andrea Franco,Amministratore Delegato,,agent,low,2026-03-07
398,Millenergie S.r.l.,15.7615,1229,1907,Energia e servizi pubblici,Marche,0,https://millenergie.eu,Cristian Giacomini,Amministratore Delegato,https://www.linkedin.com/in/cristian-giacomini-309718112/,agent,low,2026-03-07
399,Iconsulting S.p.A.,15.6921,32206,49871,IT e software,Emilia-Romagna,0,https://www.iconsulting.biz,Marco Scarinci,CFO,https://www.linkedin.com/in/marco-scarinci,agent,high,2026-03-07
400,Koki S.r.l.,15.6647,1977,3059,Pubblicità e marketing,Friuli-Venezia Giulia,0,https://www.kokigroup.it,Giacomo Andolfato,Presidente / Co-fondatore,https://www.linkedin.com/in/giacomo-andolfato-93784a79/,agent,low,2026-03-07
401,Ti Style iT S.r.l.,15.6378,7154,11063,Abbigliamento e moda,Umbria,0,https://tistyleit.com,Fabrizio Darena,Direttore Finanziario,,agent,high,2026-03-07
402,Yakkyo S.p.A.,15.631,8142,12588,E-commerce,Lazio,0,https://www.yakkyo.com,Virgilio Picca,CFO,https://www.linkedin.com/in/virgiliopicca/,agent,high,2026-03-07
403,Onorato S.r.l.,15.5932,6368,9836,E-commerce,Lombardia,0,https://www.ristoattrezzature.com,Giuseppe Onorato,Direttore amministrativo,https://www.linkedin.com/in/dr-giuseppe-onorato-65967742/,agent,medium,2026-03-07
404,Tre Altamira S.r.l.,15.4249,10231,15733,Costruzione e ingegneria,Lombardia,0,https://site.tre-altamira.com,Francesco Passoni,Group CFO,https://www.linkedin.com/in/francesco-passoni-b9401533/,agent,high,2026-03-07
405,Innonation S.r.l.,15.2704,1828,2800,IT e software,Sicilia,1,https://www.innonation.it,Sara Puleo,CEO,,agent,low,2026-03-07
406,Quix S.r.l.,15.2526,6495,9943,IT e software,Emilia-Romagna,0,https://www.quix.it,Claudio Masini,Presidente / Amministratore Delegato,https://it.linkedin.com/in/claudiomasini,agent,low,2026-03-07
407,Alkeria S.r.l.,15.0975,2979,4543,Macchinari e attrezzature,Toscana,0,https://www.alkeria.com,Orazio Sottile,President/General Manager,https://www.linkedin.com/in/oraziosottile/,agent,low,2026-03-07
408,Inrete Digital S.r.l.,15.0774,1144,1743,Pubblicità e marketing,Lombardia,0,https://www.inretedigital.it,Teobaldo Semoli,CEO e Co-founder,https://www.linkedin.com/in/teobaldosemoli/,agent,low,2026-03-07
409,Opacmare S.p.A.,15.0605,33453,50958,Produzione industriale,Piemonte,1,https://www.opacmare.com,Andrea Bollito,Responsabile Amministrazione e Controllo,,agent,medium,2026-03-07
410,Join Business Management Consulting S.r.l.,15.0441,11446,17428,Consulenza manageriale,Toscana,0,https://www.joinbusinessmc.com,Giovanni Miotto,Partner & CFO,https://www.linkedin.com/in/giovanni-miotto-6532772a6/,agent,high,2026-03-07
411,Barbarhouse S.r.l.,15.034,3677,5598,Ospitalità e viaggi,Puglia,1,https://www.barbarhouse.com,Giovanni Barbara,Responsabile gestione aziendale,https://www.linkedin.com/in/giovanni-barbara-5274b942/,agent,low,2026-03-07
412,Edil Pellegrini S.r.l.,15.0278,2805,4269,Costruzione e ingegneria,Toscana,0,https://www.edilpellegrini.com,David Pellegrini,Managing Partner,https://www.linkedin.com/in/david-pellegrini-a0739064/,agent,low,2026-03-07
413,Vetraria Pescini S.r.l.,14.9317,10349,15712,Produzione industriale,Lombardia,0,https://www.vetrariapescini.it,Eddy Pescini,CEO,https://www.linkedin.com/in/eddy-pescini-b31980172/,agent,low,2026-03-07
414,Essebi Commerciale S.r.l.,14.9052,3383,5132,Costruzione e ingegneria,Lombardia,0,https://www.essebicommerciale.com,,,,not_found,,2026-03-07
415,Stanzani S.p.A.,14.7715,22061,33352,"Servizi professionali, scientifici e tecnici",Emilia-Romagna,0,https://www.stanzani.it,Maurizio Stanzani,Amministratore Delegato,,agent,low,2026-03-07
416,Capelli For You S.r.l.,14.736,2610,3943,Servizi sanitari e sociali,Toscana,1,https://www.capelliforyou.it,Simone Fratini,Co-Titolare e Fondatore,https://it.linkedin.com/in/simone-fratini-102868196,agent,low,2026-03-07
417,Seriana S.p.A.,14.5808,12226,18392,Costruzione e ingegneria,Lombardia,4,https://www.serianaedilizia.it,Sorina Cristescu,Direttore Amministrativo e Finanziario,,agent,high,2026-03-07
418,Simoneschi S.r.l.,14.5794,2026,3047,Costruzione e ingegneria,Lazio,1,https://www.simoneschi.it,Sergio Simoneschi,Titolare,https://www.linkedin.com/in/sergio-simoneschi-b9450994/,agent,low,2026-03-07
419,WIT S.r.l.,14.5304,2314,3476,"Fintech, servizi finanziari e assicurazioni",Lombardia,0,https://www.wit-italy.com,Maurizio Vitale,Managing Director,https://www.linkedin.com/in/vitalemaurizio/,agent,low,2026-03-07
420,All Projects S.r.l.,14.3641,1434,2145,"Servizi professionali, scientifici e tecnici",Lombardia,0,https://www.all-projects.it,Tiziano De Luca,Titolare,https://www.linkedin.com/in/tiziano-de-luca-6ba7597a/,agent,low,2026-03-07
421,Professional Link S.r.l.,14.2787,5199,7759,Media e telecomunicazioni,Lombardia,0,https://www.plink.it,Andrea Ferlin,Proprietario e Amministratore Unico,https://www.linkedin.com/in/andrea-ferlin-5319aa45/,agent,low,2026-03-07
422,La Risorsa Umana.It S.r.l.,14.233,9425,14049,Servizi per l'impiego,Emilia-Romagna,2,https://www.larisorsaumana.it,Enrica Codeluppi,Direttore Generale,https://it.linkedin.com/in/enricacodeluppi,agent,low,2026-03-07
423,Pasqualone S.r.l.,14.017,3901,5783,Macchinari e attrezzature,Calabria,0,https://pasqualone.linde-mh.it/it,Assunta Chiavaroli,Responsabile ufficio amministrazione,https://www.linkedin.com/in/assunta-chiavaroli-2744b8175/,agent,medium,2026-03-07
424,RockAgent S.p.A.,13.8622,2418,3569,Beni immobili,Lazio,0,https://www.rockagent.it,Daniel Debash,CEO & Founder,https://www.linkedin.com/in/danieldebash/,agent,low,2026-03-07
425,Center Lift S.r.l.,13.7843,3187,4695,Costruzione e ingegneria,Trentino-Alto Adige,1,https://www.centerliftsrl.com,Cristian Rigotti,Imprenditore,https://www.linkedin.com/in/cristian-rigotti-52a35893/,agent,low,2026-03-07
426,Dinets S.r.l.,13.6067,12112,17759,IT e software,Marche,0,https://www.dinets.it,Fabio Tantarelli,Direttore Amministrativo,https://www.linkedin.com/in/fabio-tantarelli-226b7453/,agent,medium,2026-03-07
427,Wellynx S.r.l.,13.5885,3322,4868,Energia e servizi pubblici,Abruzzo,3,https://www.wellynx.com,Giada Costantini,Senior Accountant,,agent,medium,2026-03-07
428,Dolciaria Ambrosiana S.r.l.,13.5859,7593,11127,Cibo e bevande,Puglia,0,https://www.dolciariaambrosiana.com,Michele Mangini,Responsabile Amministrativo e Finanziario,https://www.linkedin.com/in/michele-mangini-9b487a29/,agent,high,2026-03-07
429,B.C.S. Biomedical Computering Systems S.r.l.,13.5481,23402,34261,IT e software,Lombardia,0,https://www.bcs.it,Giuseppe Fumagalli,Amministratore Delegato,,agent,low,2026-03-07
430,Digitronica.It S.p.A.,13.5192,3874,5667,IT e software,Veneto,0,https://www.digitronica.it,Giorgio Danieli,Presidente,https://it.linkedin.com/in/giorgio-danieli-5a173049,agent,low,2026-03-07
431,Revo Costruzioni S.r.l.,13.4863,5621,8215,Costruzione e ingegneria,Lombardia,3,https://revocostruzioni.com,Fabio Canicattì,Fondatore,,agent,low,2026-03-07
432,TVM-Trasporto Veicoli Mediterraneo S.r.l.,13.4397,5996,8753,Auto e servizi associati,Campania,0,https://www.tvmtrasp.com,Vito Margarella,Managing Director,,agent,low,2026-03-07
433,LMM Logistics S.p.A.,13.3079,19116,27809,Logistica e trasporto,Piemonte,0,https://lmmlogistics.com,Santy Cassalini,Controller,,agent,medium,2026-03-07
434,Nextmedia S.r.l.,13.2419,8481,12316,E-commerce,Emilia-Romagna,0,https://www.nextmedia.it,Daniele Domeniconi,"CEO, Direttore commerciale",https://www.linkedin.com/in/daniele-domeniconi-82749a34/,agent,low,2026-03-07
435,Deliverti S.r.l.,13.2378,3020,4385,E-commerce,Lazio,1,https://deliverti.it,Fabio Scalet,Amministratore Unico,https://www.linkedin.com/in/fabioscalet/,agent,low,2026-03-07
436,Vitali S.p.A.,13.09,95972,138809,Costruzione e ingegneria,Lombardia,0,https://vitalispa.it,Alessandro Negri,Group CFO,https://www.linkedin.com/in/alessandro-negri-4220696/,agent,high,2026-03-07
437,Re.I.M. S.r.l.,13.0675,7019,10145,Produzione industriale,Campania,0,https://reimsrl.yourwebsitespace.com/,,,,not_found,,2026-03-07
438,PRT Group S.p.A.,13.0353,16455,23765,Pubblicità e marketing,Piemonte,0,https://www.prtgroup.eu,Federica Rampello,Administrative Accounting,https://it.linkedin.com/in/federica-rampello-a9651826,agent,medium,2026-03-07
439,Vezzola S.p.A.,12.9572,47859,68978,Costruzione e ingegneria,Lombardia,1,https://www.vezzola.com,Stefano Vezzola,Amministratore Delegato,,agent,low,2026-03-07
440,ASG Network S.r.l.,12.9331,7262,10459,"Servizi professionali, scientifici e tecnici",Veneto,0,https://fortesecurgroup.com/it,Salvatore Forte,Fondatore,https://www.linkedin.com/in/salvatore-forte-security/,agent,low,2026-03-07
441,Nuovenergie S.p.A.,12.9123,42783,61588,Energia e servizi pubblici,Lombardia,0,https://www.nuovenergiespa.it,Laura Lisi,"Responsabile Amministrazione, Finanza e Controllo",https://it.linkedin.com/in/laura-lisi-027999197,agent,high,2026-03-07
442,Sala Assicurazioni S.r.l.,12.8646,2743,3944,"Fintech, servizi finanziari e assicurazioni",Lombardia,0,https://salaassicurazioni.it,Filippo Sala,Responsabile dell'attività di intermediazione,,agent,low,2026-03-07
443,MGvision S.r.l.,12.8483,3958,5688,Pubblicità e marketing,Lazio,0,https://www.mgvision.com,Marco Gradari,Founder & CEO,https://www.linkedin.com/in/marco-gradari-768b2b9/,agent,low,2026-03-07
444,Geatop S.r.l.,12.7914,2971,4263,"Servizi professionali, scientifici e tecnici",Piemonte,4,https://www.geatop.it,Luca Martin,Presidente,,agent,low,2026-03-07
445,Edilpa S.r.l.,12.7658,1136,1628,Costruzione e ingegneria,Sicilia,0,https://edilpasrl.it,Antonino Pillitteri,Amministratore Unico e Direttore Tecnico,https://www.linkedin.com/in/antonino-pillitteri-88ba7a157/,agent,low,2026-03-07
446,Manitech S.r.l.,12.7479,7508,10762,Macchinari e attrezzature,Sardegna,0,https://www.manitech.it,Luca Pibiri,Socio Fondatore,https://www.linkedin.com/in/luca-pibiri-453aa93/,agent,low,2026-03-07
447,RedBox S.r.l.,12.7352,10130,14514,Produzione industriale,Lazio,2,https://redbox.it,Diego Meuti,Amministratore Unico,https://it.linkedin.com/in/diego-meuti-ba9b5730,agent,low,2026-03-07
448,MCR Conference S.r.l.,12.6223,1968,2812,"MICE (Meetings, Incentives, Conferences, Exhibitions)",Toscana,1,https://www.mcrconference.it,Rita Tavella,Founder & CEO,https://www.linkedin.com/in/rita-tavella-106aaa4b/,agent,low,2026-03-07
449,Castello S.r.l. SB,12.3499,7758,11002,Cibo e bevande,Puglia,0,https://acquaamata.it,Maria Mazzone,Presidente CdA,,agent,low,2026-03-07
450,Meuli Infissi S.r.l.,12.2705,2163,3061,Produzione industriale,Puglia,2,https://www.meulinfissi.com,Francesca Carrone,Amministrazione,,agent,medium,2026-03-07
451,Prezzemolo&Vitale S.p.A.,12.1907,35621,50301,Vendita al dettaglio,Lombardia,0,https://www.prezzemoloevitale.it,Salvatore Prezzemolo,Responsabile Finanza e Sviluppo,https://www.linkedin.com/in/salvatore-prezzemolo-6a9a5184/,agent,medium,2026-03-07
452,Infoteam S.r.l.,12.1386,8489,11971,IT e software,Veneto,0,https://infoteamsrl.it,Marco Serraglio,Founder & CEO,https://it.linkedin.com/in/marco-serraglio-79617626,agent,low,2026-03-07
453,Technipes S.r.l.,11.9217,21952,30777,Macchinari e attrezzature,Emilia-Romagna,0,https://technipes.com,Stefania Barosi,Finance and Accounting,https://www.linkedin.com/in/stefania-barosi-8902095b/,agent,medium,2026-03-07
454,Gruppo Ingegneria S.r.l. SB,11.8459,3407,4767,Consulenza manageriale,Emilia-Romagna,1,https://gruppoingegneria.it,Rosa Gallerani,Direttore Operativo e Amministrativo,https://www.linkedin.com/in/rosa-gallerani-52a36763/,agent,medium,2026-03-07
455,Utopia Lab S.r.l.,11.7875,5108,7135,Consulenza manageriale,Lazio,0,https://www.utopialab.it,Mariangela Capitano,Direttore Amministrativo,,agent,medium,2026-03-07
456,I.G.L.M. Electronic S.r.l.,11.7819,11713,16360,E-commerce,Campania,0,https://iglm.store,Gaetano Incarnto,Co-founder,,agent,low,2026-03-07
457,Gruppo Europeo di Ortodonzia S.r.l.,11.736,7689,10726,Produzione industriale,Lazio,0,https://www.nuvolaortodonzia.it,Massimiliano Bucceri,Fondatore e CEO,https://www.linkedin.com/in/massimiliano-bucceri-8a56ab55/,agent,low,2026-03-07
458,Manuel Costruzioni Generali S.r.l.,11.7309,2730,3808,Costruzione e ingegneria,Abruzzo,0,n/a,Manuel Catenacci,Imprenditore edile,https://www.linkedin.com/in/manuel-catenacci-69b7a2196/,agent,low,2026-03-07
459,DS Glass S.r.l.,11.6461,14620,20346,Commercio all'ingrosso,Campania,1,https://www.dsglass.it,Leopoldo Gimmelli,Amministratore (area amministrativa),https://it.linkedin.com/in/leopoldo-gimmelli-2798b2216,agent,low,2026-03-07
460,Clean & Maintenance Systems S.r.l.,11.5835,5948,8263,"Servizi professionali, scientifici e tecnici",Lazio,0,https://www.cmsitaly.com,Mauro Croatto,Amministratore Unico,,agent,low,2026-03-07
461,Campo d'Oro S.r.l.,11.5412,6489,9005,Cibo e bevande,Lombardia,0,https://www.campodoro.com,Paolo Licata,Chief Executive Officer,https://www.linkedin.com/in/paolo-licata-campodoro/,agent,low,2026-03-07
462,Dog & Cat Megastore S.r.l.,11.4914,2593,3594,E-commerce,Campania,2,https://dogecatmegastore.com,Armando D'Ambrosio,Titolare,,agent,low,2026-03-07
463,Cantina Sociale Montelliana e dei Colli Asolani S.c.a.,11.3987,40345,55774,Cibo e bevande,Veneto,0,https://www.montelliana.com,Paolo Liberali,Direttore Generale,,agent,low,2026-03-07
464,Upline S.r.l.,11.3796,2846,3932,Costruzione e ingegneria,Lombardia,0,https://www.up-line.it,Fabio Molaro,Amministratore,https://it.linkedin.com/in/fabio-molaro-62422b28,agent,low,2026-03-07
465,copiaincolla.com S.r.l.,11.2478,1804,2483,Pubblicità e marketing,Lombardia,0,https://www.copiaincolla.com,Sebastiano Furio,Direttore Commerciale,https://www.linkedin.com/in/sebastianofurio/,agent,low,2026-03-07
466,TSM S.r.l.,11.2468,6779,9333,Macchinari e attrezzature,Friuli-Venezia Giulia,1,https://www.tsmitaly.com,Andrea Moro,CFO,https://www.linkedin.com/in/andrea-moro70/,agent,high,2026-03-07
467,Innoval S.r.l.,11.2192,1568,2158,Macchinari e attrezzature,Liguria,1,https://www.innoval.biz,Gilberto Pestalozza,Amministratore Unico,,agent,low,2026-03-07
468,RGM Commerciale S.r.l.,11.1196,4059,5569,Macchinari e attrezzature,Emilia-Romagna,0,https://rgmcommerciale.it,Marco Matteucci,Socio titolare,https://www.linkedin.com/in/marco-matteucci-15021a80/,agent,low,2026-03-07
469,Strategic Management Partners S.r.l.,11.1178,9198,12619,Consulenza manageriale,Lombardia,0,https://www.strategicmp.it,Luigi Riva,Presidente,https://www.linkedin.com/in/luigi-riva,agent,low,2026-03-07
470,Willo S.r.l.,11.1165,1132,1553,IT e software,Puglia,2,https://www.willo.it,Francesco Elia,Amministratore Unico,,agent,low,2026-03-07
471,Parafioriti Costruzioni S.r.l.,11.0287,2801,3834,Costruzione e ingegneria,Sicilia,0,https://www.parafioriticostruzioni.it,Salvatore Parafioriti,Amministratore,,agent,low,2026-03-07
472,Webgriffe S.r.l.,11.0029,1286,1759,IT e software,Emilia-Romagna,0,https://www.webgriffe.com,Cristian Galletti,CEO and Managing Director,https://www.linkedin.com/in/cristiangalletti/,agent,low,2026-03-07
473,Asterix S.r.l.,10.7082,11021,14954,"Servizi professionali, scientifici e tecnici",Emilia-Romagna,0,https://http://www.asterixsrl.it,Enrico Bottazzi,Amministratore Delegato,https://www.linkedin.com/in/enrico-bottazzi-2b98a430/,agent,low,2026-03-07
474,Mind The Value S.r.l.,10.6412,7960,10781,Consulenza manageriale,Lombardia,0,https://www.mindthevalue.com,Giuseppe Zagami,President,https://www.linkedin.com/in/giuseppe-zagami-6948613/,agent,low,2026-03-07
475,Lovemark S.p.A.,10.5256,2135,2882,Pubblicità e marketing,Emilia-Romagna,0,https://www.lovemark.it,Luca Catellani,CEO & Co-founder,,agent,low,2026-03-07
476,Guerzoni Insulation Materials S.r.l.,10.4589,9222,12429,Produzione industriale,Lombardia,1,https://guerzonisrl.it,Valentina Monzio Compagnoni,Finance Controller,https://it.linkedin.com/in/valentina-monzio-compagnoni-262216a3,agent,medium,2026-03-07
477,Full Service Soc. Coop.,10.3734,2938,3950,Costruzione e ingegneria,Marche,0,https://www.coopfullservice.com,,,,not_found,,2026-03-07
478,Fifth Beat S.r.l.,10.335,4179,5614,Consulenza manageriale,Lombardia,0,https://www.fifthbeat.com,Raffaele Boiano,CEO & Co-Founder,https://it.linkedin.com/in/rboiano,agent,low,2026-03-07
479,Trevi Finanziaria Industriale S.p.A.,10.2739,494616,663263,Costruzione e ingegneria,Emilia-Romagna,0,https://www.trevigroup.com,Vincenzo Auciello,"Director of Administration, Finance, and Control",https://www.linkedin.com/in/vincenzo-auciello-9a414b8b/,agent,high,2026-03-07
480,Assyrus S.r.l.,10.2671,6713,9000,IT e software,Lombardia,0,https://www.assyrus.it,Silvia Monfregola,Chief Financial Officer,,agent,high,2026-03-07
481,Fashion Commerce S.r.l.,10.2347,2394,3206,E-commerce,Toscana,0,https://www.kontedesign.com,Andrea Pellegrino,Amministratore Delegato,https://www.linkedin.com/in/andrea-pellegrino-824b3572/,agent,low,2026-03-07
482,Cianciolo Group S.r.l.,10.2289,7098,9507,Produzione industriale,Lombardia,1,https://www.cianciologroup.com,Giuseppe Cianciolo,CEO,https://it.linkedin.com/in/giuseppe-cianciolo-96b609ab,agent,low,2026-03-07
483,Nord Est Elevatori S.r.l.,10.1447,7686,10270,Macchinari e attrezzature,Veneto,3,https://www.nordestelevatori.com,,,,not_found,,2026-03-07
484,Fattoretto S.r.l.,9.91008,1878,2493,Pubblicità e marketing,Veneto,2,https://fattoretto.agency,Melania Fattoretto,Head of HR & Finance,,agent,medium,2026-03-07
485,L’Opera S.c.,9.72148,2767,3655,Media e telecomunicazioni,Puglia,0,https://www.opera-bvs.it,Michele Infante,Presidente,https://www.linkedin.com/in/michele-infante-78404328/,agent,low,2026-03-07
486,Kedos S.r.l.,9.60199,3055,4022,IT e software,Emilia-Romagna,0,https://www.kedos-srl.it,Nicola Bianconcini,Founder and Owner,https://www.linkedin.com/in/nicola-bianconcini-4950212/,agent,low,2026-03-07
487,Ipses S.r.l.,9.57846,1658,2181,Macchinari e attrezzature,Lombardia,2,https://www.ipses.com,,,,not_found,,2026-03-07
488,Farmacia S.Caterina S.r.l.,9.55633,76699,100856,"Prodotti farmaceutici, biotecnologie e scienze della vita",Campania,0,n/a,Nancy Sceral,CFO - Gruppo Marzano / XCM Healthcare,https://www.linkedin.com/in/nancy-sceral-00500412a/,agent,medium,2026-03-07
489,Etnos Soc. Coop. Sociale,9.51796,2787,3661,Servizi sanitari e sociali,Sicilia,0,https://cooperativaetnos.net,Fabio Ruvolo,CEO,https://www.linkedin.com/in/fabioruvolo77/,agent,low,2026-03-07
490,Mare Holding S.p.A.,9.43595,153452,201119,Prodotti chimici,Lombardia,0,https://www.mare.com,Massimiliano Maccagni,CFO,https://it.linkedin.com/in/massimiliano-maccagni-30905525,agent,high,2026-03-07
491,Studio Cavallini & Partners S.r.l.,9.35562,1858,2430,Consulenza manageriale,Toscana,1,https://www.studiocavalliniepartners.it,Sabrina Cavallini,Direttore Generale,https://www.linkedin.com/in/sabrina-cavallini-consulente/,agent,low,2026-03-07
492,BidBerry S.r.l.,9.3044,5733,7486,Pubblicità e marketing,Abruzzo,2,https://www.bidberrymedia.com,Emiliano Amicuzi,CEO/Co-Founder,https://www.linkedin.com/in/emilianoamicuzi/,agent,low,2026-03-07
493,Consecution Group S.r.l.,9.23634,6943,9050,Auto e servizi associati,Lombardia,0,https://www.consecutiongroup.com,Francesco Attinà,CFO,,agent,high,2026-03-07
494,Renovalo S.p.A. SB,9.07352,20510,26615,Costruzione e ingegneria,Lazio,4,https://www.renovalo.it,Mauro Borgese,CFO,,agent,high,2026-03-07
495,Oleodinamica Sangro S.r.l.,9.03688,2061,2672,Macchinari e attrezzature,Abruzzo,0,https://www.oleodinamicasangro.it,Angelo Marino,Fondatore / Titolare,,agent,low,2026-03-07
496,Dallan S.p.A.,8.8645,34627,44676,Macchinari e attrezzature,Veneto,0,https://www.dallan.com/it,Andrea Barbon,Responsabile Amministrativo,https://www.linkedin.com/in/andrea-barbon-3b1b9a17/,agent,medium,2026-03-07
497,C2 S.r.l.,8.858,46356,59798,IT e software,Lombardia,0,https://www.c2group.it,Stefano Ghidini,CEO e Founder,https://www.linkedin.com/in/stefano-ghidini-50587648/,agent,low,2026-03-07
498,Salus Sempione S.r.l.,8.83585,2365,3050,Servizi sanitari e sociali,Lazio,0,https://www.cdrsempione.it/,Yvan Thierry Dama,Responsabile Amministrativo,https://it.linkedin.com/in/yvan-thierry-dama-731534162,agent,medium,2026-03-07
499,Mazzetti d'Altavilla - S.r.l.,8.81187,10575,13624,Cibo e bevande,Piemonte,0,https://mazzetti.it/it,Nicoletta Mazzetti,Amministratore Delegato,https://it.linkedin.com/in/nicoletta-mazzetti-47756698,agent,low,2026-03-07
500,Retitalia S.p.A.,8.79934,454771,585695,Energia e servizi pubblici,Lombardia,0,https://www.retitalia.eu,,,,not_found,,2026-03-07
