RANK,AZIENDA,TASSO DI CRESCITA,RICAVI 2021,RICAVI 2024,SETTORE,REGIONE,PRESENZE,SITO WEB
1,C.D.C. Chain Drive Crane S.r.l.,503.374,128,28063,Macchinari e attrezzature,Trentino-Alto Adige,0,https://cdc.company
2,ZAS Trading S.r.l.,304.483,153,10136,Commercio all'ingrosso,Lombardia,0,https://www.signorbio.com
3,Banca AideXa S.p.A.,264.541,604,29252,"Fintech, servizi finanziari e assicurazioni",Lombardia,0,https://www.aidexa.it
4,InterMoma Food S.r.l.,218.937,556,18024,Cibo e bevande,Liguria,0,https://www.intermoma.it
5,Lux Entertainment S.p.A.,193.038,3289,82760,"MICE (Meetings, Incentives, Conferences, Exhibitions)",Lazio,0,https://luxentertainment.com
6,Itaste Medical Group S.r.l.,177.441,864,18445,"Prodotti farmaceutici, biotecnologie e scienze della vita",Campania,0,https://itastemedical.com
7,Infisud S.r.l.,167.849,1732,33284,Costruzione e ingegneria,Sicilia,1,https://www.infisud.it
8,Viaggigiovani.it S.r.l.,166.137,664,12519,Ospitalità e viaggi,Trentino-Alto Adige,1,https://www.viaggigiovani.it
9,Outlane S.r.l. SB,161,202,3590,Tempo libero e divertimento,Lombardia,0,https://freedome.it
10,Sagelio S.r.l. SB,157.631,211,3610,Energia e servizi pubblici,Puglia,0,https://sagelio.com
11,BizAway S.r.l. SB,142.856,8108,116128,Ospitalità e viaggi,Friuli-Venezia Giulia,5,https://bizaway.com
12,Vanbat S.r.l.,137.588,1048,14049,Smaltimento rifiuti & riciclo,Lazio,1,https://www.vanbat.it
13,Billoo S.r.l. SB,136.246,141,1858,IT e software,Emilia-Romagna,0,https://www.billoo.it
14,Logen S.r.l.,133.188,870,11029,Energia e servizi pubblici,Lazio,1,https://www.logen.energy
15,U Lead S.r.l.,128.227,255,3030,Formazione,Lazio,0,https://www.ateneionline.it
16,Cosmico S.r.l.,122.733,1002,11075,Servizi per l'impiego,Lombardia,1,https://www.wearecosmico.com
17,BusForFun.com S.r.l.,112.831,875,8439,Tempo libero e divertimento,Veneto,2,https://www.busforfun.com
18,Ciglieri S.r.l.,110.358,277,2581,Consulenza manageriale,Lazio,1,https://www.ciglieri.online
19,Beentouch S.r.l.,106.888,389,3443,IT e software,Sicilia,1,https://beentouch.com
20,Pixora S.r.l.,106.225,176,1541,IT e software,Sicilia,0,https://www.pixora.it
21,Fly4You S.r.l.,105.993,7668,67024,Ospitalità e viaggi,Lombardia,1,https://www.volonlinegroup.it
22,Customized S.r.l.,104.57,1316,11265,Ospitalità e viaggi,Veneto,1,https://www.target.travel
23,Tresun S.r.l.,102.735,2238,18652,Energia e servizi pubblici,Sicilia,3,https://www.tresun.it
24,Tempraglass di Michele Loparco,102.437,572,4746,Produzione industriale,Puglia,0,https://www.tempraglass.it
25,Kampaay S.r.l. SB,101.486,916,7494,"MICE (Meetings, Incentives, Conferences, Exhibitions)",Lombardia,0,https://www.kampaay.com
26,Coffinardi & Del Panno Industries S.r.l.,100.701,465,3758,Abbigliamento e moda,Lombardia,0,https://floky.com
27,DMT Group S.r.l.,99.8519,820,6549,Energia e servizi pubblici,Campania,0,https://www.dmtsolar.it
28,B&T Management S.r.l. SB,97.4126,2634,20265,Ospitalità e viaggi,Sicilia,0,https://www.mutika.it
29,Italia Rimborso S.r.l.,95.4204,306,2287,"Servizi professionali, scientifici e tecnici",Sicilia,0,https://www.italiarimborso.it
30,Epil Point Italia S.r.l.,95.1866,1419,10552,Vendita al dettaglio,Campania,1,https://http://www.epilpoint.it
31,iLStudio Engineering & Consulting Studio S.r.l.,94.5545,633,4662,"Servizi professionali, scientifici e tecnici",Puglia,0,https://www.studioseverini.eu
32,Prime Agency S.r.l.,94.3898,232,1705,IT e software,Puglia,0,https://www.algomera.it
33,Deposito S.r.l.,91.6754,238,1678,Pubblicità e marketing,Abruzzo,0,https://www.meccanismi.net
34,Time Vision S.r.l.,90.8441,434,3019,Formazione,Campania,1,https://timevisionsrl.it
35,AssiBro S.r.l.,90.4288,375,2592,"Fintech, servizi finanziari e assicurazioni",Friuli-Venezia Giulia,1,https://www.assibro.it
36,Parkforfun.com S.r.l.,87.0841,464,3039,IT e software,Veneto,1,https://www.parkforfun.com
37,Foorban S.r.l.,86.4006,1341,8686,Cibo e bevande,Lombardia,1,https://www.foorban.com
38,U.G.A. Nutraceuticals S.r.l.,84.1985,8437,52728,"Prodotti farmaceutici, biotecnologie e scienze della vita",Umbria,2,https://uganutraceuticals.com
39,Lean Wire S.r.l.,82.6036,1321,8041,Costruzione e ingegneria,Lombardia,0,https://www.leanwire.net
40,Salabam S.r.l.,80.8323,4914,29060,Ospitalità e viaggi,Emilia-Romagna,3,https://salabamsolutions.com
41,Corax S.r.l.,80.6973,992,5853,Pubblicità e marketing,Lombardia,0,https://corax.business
42,Airport Global Services S.r.l.,79.8618,5450,31713,Logistica e trasporto,Lombardia,0,https://www.agshandling.it
43,Go4sea S.r.l.,77.9718,1782,10046,Ospitalità e viaggi,Puglia,0,https://www.go4sea.com
44,Rental Lake Como S.r.l.,76.7097,542,2993,Ospitalità e viaggi,Lombardia,0,https://rentallcomo.com
45,Percinque S.r.l.,74.5283,983,5228,Consulenza manageriale,Veneto,2,https://percinque.com
46,Soplaya S.p.A.,73.8948,2128,11192,E-commerce,Friuli-Venezia Giulia,1,https://soplaya.com
47,Xceed S.r.l.,73.6164,786,4111,"MICE (Meetings, Incentives, Conferences, Exhibitions)",Lombardia,2,https://www.xceed.me
48,Heart Apartments S.r.l.,73.5162,1584,8273,Ospitalità e viaggi,Lombardia,1,https://heartmilanapartments.com
49,Euro Impianti 20 S.r.l.,72.5412,1656,8509,Costruzione e ingegneria,Sicilia,0,n/a
50,A.G. Training S.r.l.,72.0086,624,3174,Formazione,Lazio,0,https://www.agtraining.eu
51,You Know! S.r.l. Unipersonale,69.7186,1249,6104,Ospitalità e viaggi,Campania,1,https://www.youknowboat.com
52,Online Platform for Shops S.r.l.,68.7107,955,4586,E-commerce,Abruzzo,0,https://3pwcommerce.com
53,CF Car Autonoleggio e Servizi S.r.l.,68.4429,1219,5827,Auto e servizi associati,Puglia,0,https://www.filorent.it/#
54,Dpway S.r.l.,67.3547,404,1892,IT e software,Lazio,0,https://www.dpway.it
55,Epic Education S.r.l.,67.2505,1188,5558,Formazione,Lazio,1,https://epicode.com
56,Oenergy S.p.A.,66.7747,19171,88925,Energia e servizi pubblici,Lazio,1,https://www.oenergy.it
57,EngUp S.r.l.,66.5811,526,2431,Costruzione e ingegneria,Lombardia,1,https://www.engup.com
58,Dm Tech & Services S.r.l.,66.4851,715,3299,Vendita al dettaglio,Lazio,0,https://www.dmtechandservices.it
59,Netx64 S.r.l.,66.3617,954,4391,IT e software,Veneto,1,https://www.netx64.com
60,Brand S.r.l.,65.8081,1174,5352,Costruzione e ingegneria,Toscana,1,https://www.brand-srl.it
61,RD24 S.r.l.,65.5072,684,3101,"Fintech, servizi finanziari e assicurazioni",Lombardia,0,https://www.johix.com
62,CreationDose S.r.l. SB,64.2125,916,4055,Pubblicità e marketing,Sicilia,1,https://creationdose.com/it
63,ProEsys S.r.l.,64.1807,383,1693,IT e software,Lazio,1,https://www.proesystech.com
64,OEMPV S.r.l.,64.1109,2518,11128,Energia e servizi pubblici,Veneto,0,https://oempv.it
65,Fimarsud S.r.l.,63.1256,3420,14845,Macchinari e attrezzature,Sicilia,0,https://www.fimarsud.it
66,Safety job S.r.l. SB,61.8458,616,2611,IT e software,Lombardia,1,https://sikurogroup.com
67,Italy Car Rent S.r.l.,61.4341,15677,65957,Auto e servizi associati,Trentino-Alto Adige,3,https://www.italycarrent.com
68,VBA Costruzioni S.r.l.,60.329,544,2242,Costruzione e ingegneria,Campania,0,https://www.vbacostruzioni.it
69,Heca S.r.l.,60.278,1054,4340,"Fintech, servizi finanziari e assicurazioni",Abruzzo,2,https://www.hecamga.it
70,Saico S.r.l.,59.2365,5976,24128,Costruzione e ingegneria,Lazio,0,https://www.saicosrl.com
71,Darwin Technologies S.r.l.,59.1197,2237,9010,IT e software,Sicilia,1,https://www.darwintechnologies.it
72,PFJ-Lux S.r.l.,59.0104,584,2348,Arredamento,Friuli-Venezia Giulia,0,https://www.pfj-lux.com
73,Di Remigio Costruzioni S.r.l.,58.632,847,3382,Costruzione e ingegneria,Abruzzo,1,https://www.diremigiocostruzioni.it
74,INIX Group Italia S.r.l.,58.5812,1126,4490,IT e software,Lombardia,1,https://www.inixgroup.com
75,Humans S.r.l.,58.3883,852,3384,IT e software,Lazio,1,https://humans.tech
76,Pinsami S.r.l.,57.6426,9957,39008,Cibo e bevande,Emilia-Romagna,4,https://www.pinsami.it
77,In Situ S.r.l.,57.5163,3967,15504,Costruzione e ingegneria,Friuli-Venezia Giulia,0,https://www.insitu-srl.it
78,GC Appalti S.r.l.,57.1604,1635,6347,Costruzione e ingegneria,Abruzzo,1,https://http://www.gruppocirci.it
79,CDF Logistica S.r.l.,57.0287,22349,86537,Logistica e trasporto,Lazio,1,https://www.cdflogistica.com
80,Versounico S.r.l.,56.2347,2875,10966,Cibo e bevande,Piemonte,1,https://www.bonum.live
81,Pirotecnica Sarro S.r.l.s.,56.1222,896,3411,Vendita al dettaglio,Calabria,1,https://www.pirotecnicasarro.com
82,I.F.M. Italiana Facility Management S.p.A.,55.6204,10398,39187,Energia e servizi pubblici,Lazio,1,https://www.ifmspa.eu
83,FGM04 S.p.A.,54.7495,4977,18443,E-commerce,Emilia-Romagna,0,https://fgm04.com
84,Com-Media S.p.A.,54.3732,3717,13673,Ospitalità e viaggi,Liguria,0,https://www.myparking.it
85,JDEvents S.r.l.,54.3509,1874,6890,"MICE (Meetings, Incentives, Conferences, Exhibitions)",Toscana,0,https://jdeventsrl.com
86,BitQ S.r.l.,53.7691,3212,11678,E-commerce,Lombardia,1,https://www.bitq.biz
87,221e S.r.l.,52.9293,873,3123,IT e software,Veneto,1,https://www.221e.com
88,Westrafo S.r.l.,52.4746,26302,93237,Macchinari e attrezzature,Veneto,4,https://www.westrafo.com
89,Mammana Michelangelo S.r.l.,51.8883,16505,57834,Costruzione e ingegneria,Sicilia,0,https://gruppomammana.it
90,Contents S.p.A.,51.7987,2119,7412,IT e software,Lombardia,0,https://www.contents.ai
91,GS Service S.r.l.,51.7973,2853,9979,Energia e servizi pubblici,Lombardia,4,https://www.green-solar.it
92,Ocra S.r.l.,51.5327,2910,10124,IT e software,Veneto,0,https://www.ocragroup.com
93,Energy Boost S.r.l.,51.1709,2241,7743,Energia e servizi pubblici,Marche,2,https://http://www.energyboost.it
94,Sportit S.r.l.,51.1202,5100,17602,Tempo libero e divertimento,Lombardia,3,https://snowit.ski
95,Daicar S.r.l.,51.0858,1011,3487,Pubblicità e marketing,Lazio,1,https://daicargroup.com
96,MotoRacingShop S.r.l.,50.9997,917,3156,E-commerce,Toscana,1,https://www.motoracingshop.com
97,Smart Eventi S.r.l.,50.6747,1597,5462,"MICE (Meetings, Incentives, Conferences, Exhibitions)",Lombardia,1,https://www.smarteventi.it
98,Innovando S.r.l.,50.5961,7928,27076,Smaltimento rifiuti & riciclo,Veneto,1,https://innovandotech.com
99,DAMA Everything Connected S.r.l.,50.5764,9028,30822,"Servizi professionali, scientifici e tecnici",Lombardia,1,https://damaelectric.it
100,L'ABCD S.r.l.,50.5598,1276,4356,IT e software,Campania,1,https://www.labcd.it
101,Costruzioni Iannini S.r.l.,50.2258,11414,38696,Costruzione e ingegneria,Abruzzo,1,https://http://www.gruppoiannini.it
102,MoreToTrade S.r.l.,49.6695,1239,4153,E-commerce,Toscana,2,https://moretotrade.it
103,Sphera Service S.r.l.,48.6463,1078,3539,IT e software,Lombardia,1,https://www.spheraservice.it
104,Center Lift Lombardia S.r.l.,48.4892,797,2609,Costruzione e ingegneria,Lombardia,0,https://www.centerliftsrl.com
105,NRG Med S.r.l.,48.2506,6754,22006,Energia e servizi pubblici,Abruzzo,0,https://nrg-med.com
106,Sertec Engineering Consulting S.r.l.,47.7617,1799,5803,Costruzione e ingegneria,Piemonte,2,https://sertec-engineering.com
107,Ingeniars S.r.l.,47.7412,1020,3289,IT e software,Toscana,1,https://www.ingeniars.com
108,Startup Geeks S.r.l. SB,47.6803,703,2264,Formazione,Lombardia,0,https://www.startupgeeks.it
109,Nplus S.r.l.,47.4038,5017,16068,IT e software,Trentino-Alto Adige,1,https://www.nplus.it
110,Alba S.r.l.,47.3189,3818,12205,Energia e servizi pubblici,Veneto,5,https://albaimpianti.it
111,4Energy S.r.l.,46.957,2300,7300,Energia e servizi pubblici,Marche,2,https://http://4-energy.it
112,Consorzio Stabile Agoraa S.c.a.r.l.,46.6506,17004,53629,Costruzione e ingegneria,Sicilia,3,https://www.agoraa.it
113,C.D. S.r.l.,46.462,2883,9058,Commercio all'ingrosso,Campania,1,https://www.componentidigitali.com
114,Ristoservice S.r.l.,46.383,11534,36178,Cibo e bevande,Lombardia,5,https://www.risto-service.it
115,One Italy S.r.l.,46.1366,2500,7802,Beni immobili,Lombardia,1,https://www.oneitaly.net
116,MC Energy GTS S.r.l. SB,45.9697,838,2605,Energia e servizi pubblici,Marche,1,https://mcenergy.it
117,Synapsy S.r.l.,45.7665,3461,10718,"MICE (Meetings, Incentives, Conferences, Exhibitions)",Lombardia,1,https://www.synapsy.events
118,Elios S.r.l.,45.4832,15647,48180,Smaltimento rifiuti & riciclo,Emilia-Romagna,1,https://eliosambiente.it
119,Baroni S.r.l.,45.3408,3893,11951,E-commerce,Toscana,3,https://baronihome.it
120,Jungle S.r.l.,45.3355,2430,7459,"MICE (Meetings, Incentives, Conferences, Exhibitions)",Lombardia,1,https://wearejungle.com
121,Italiana Energia S.r.l.,45.2831,2232,6844,Energia e servizi pubblici,Campania,1,https://www.italianaenergia.it
122,Greenergy S.r.l.,44.7514,4346,13181,Energia e servizi pubblici,Puglia,1,https://www.greenergy.it
123,Forneria Fattidigrano S.r.l.,44.7225,1106,3353,Cibo e bevande,Lombardia,0,https://www.fattidigrano.it
124,Master Group S.r.l.,44.4304,10699,32235,Media e telecomunicazioni,Puglia,3,https://master-dealer.it
125,P.B.L. S.r.l.,44.4058,8955,26967,Macchinari e attrezzature,Emilia-Romagna,0,https://www.pbl.it
126,Unguess S.r.l.,44.0692,2677,8006,IT e software,Lombardia,1,https://unguess.io
127,Mack & Schuhle Italia S.p.A.,44.0609,68747,205539,Cibo e bevande,Puglia,0,https://mus.it
128,Radar Consulting Italia S.r.l.,43.9845,2242,6692,Formazione,Lombardia,0,https://www.radarconsulting.it
129,Italbiotec S.r.l. SB,43.5526,744,2200,Consulenza manageriale,Lombardia,0,https://italbiotec.altervista.org
130,Stufe a Pellet Italia S.r.l.,43.5108,5945,17572,E-commerce,Veneto,0,https://www.stufeapelletitalia.com
131,eVISO S.p.A.,43.1802,76703,225144,IT e software,Piemonte,6,https://eviso.ai
132,T.C.S. S.r.l.,43.1786,891,2615,"Fintech, servizi finanziari e assicurazioni",Puglia,1,https://www.tcstempone.com
133,Tikato S.r.l.,43.0905,3018,8843,E-commerce,Veneto,4,https://www.discoup.com
134,Fenyx Italia S.r.l.,43.0532,4387,12842,E-commerce,Puglia,3,https://www.leddiretto.it
135,Isol Sistem S.r.l.,42.9354,8775,25625,Costruzione e ingegneria,Lombardia,0,https://www.isolsistemsrl.net
136,NuBeTech S.p.A.,42.8985,2807,8190,IT e software,Lombardia,2,https://www.nubetech.it
137,Next04 S.r.l.,42.5345,2347,6795,IT e software,Sicilia,0,https://www.next04.it
138,Carbonteam S.r.l. Unipersonale,42.3883,1105,3190,Aerospaziale e difesa,Piemonte,1,https://www.carbonteam.it
139,Italianway S.p.A.,42.0553,4292,12303,Ospitalità e viaggi,Lombardia,1,https://www.italianway.house
140,R.Ed.El. S.r.l.,41.7442,10725,30542,Energia e servizi pubblici,Calabria,0,https://www.redel.it
141,Mirror Production S.r.l.,41.3102,2129,6007,Pubblicità e marketing,Toscana,2,https://www.mirror.it
142,GMedia Group S.r.l.,41.2851,1131,3189,E-commerce,Toscana,0,https://www.higift.it
143,Intendo S.r.l.,41.141,771,2167,IT e software,Calabria,1,https://www.intendo.it
144,Erasmus Learning Academy S.r.l.,40.959,698,1955,Formazione,Emilia-Romagna,1,https://www.erasmuslearningacademy.eu
145,OY International S.r.l.,40.749,4188,11677,Vendita al dettaglio,Liguria,0,https://www.oceanis.it
146,Antonutti S.r.l.,40.3996,10699,29609,Costruzione e ingegneria,Lombardia,1,https://http://www.antonutti.it
147,Motion Analytica S.r.l.,40.3775,727,2012,IT e software,Friuli-Venezia Giulia,0,https://www.motionanalytica.com
148,Taz Group S.r.l.,39.9121,2239,6131,Cibo e bevande,Piemonte,0,https://www.tazfood.com
149,StampaSi S.r.l.,39.676,4455,12140,E-commerce,Lombardia,1,https://www.stampasi.it
150,Wikicasa S.r.l.,39.3815,1796,4863,IT e software,Lombardia,3,https://www.wikicasa.it
151,Farmed S.r.l.,39.3627,9159,24792,"Prodotti farmaceutici, biotecnologie e scienze della vita",Campania,2,https://www.farmedinternational.com
152,Iocoli S.r.l.,39.1966,2561,6908,Produzione industriale,Basilicata,4,https://www.iocoli.com
153,Calicantus S.r.l.,39.196,10168,27422,E-commerce,Veneto,3,https://calicant.us
154,Omnia Group S.r.l.,39.0776,653,1758,Cibo e bevande,Sicilia,0,https://luscioux.eu
155,Ninesquared S.r.l.,38.8152,918,2456,Abbigliamento e moda,Trentino-Alto Adige,1,https://ninesquared.team
156,Albasolar S.r.l.,38.7549,6211,16593,Costruzione e ingegneria,Piemonte,0,https://www.albasolar.it
157,Energeticastore S.r.l.,38.4209,917,2432,Energia e servizi pubblici,Lombardia,1,https://www.energeticastore.it
158,Gamian Consulting S.r.l.,37.9709,778,2044,Consulenza manageriale,Calabria,1,https://gamianconsulting.com
159,Brainstorming LG S.r.l.,37.8849,1251,3280,Consulenza manageriale,Lombardia,0,https://www.brainstorminglgsrl.it
160,Medical Net S.r.l.,37.6697,895,2336,Formazione,Lazio,1,https://www.medical-net.it
161,Lemon Sistemi S.p.A.,37.5098,3293,8563,Energia e servizi pubblici,Sicilia,1,https://www.lemonsistemi.it
162,Upgrade Formazione S.r.l.,37.4544,787,2045,Formazione,Campania,0,https://www.upgradegroup.it
163,Morpheus Advisor S.r.l.,37.4339,6627,17202,Abbigliamento e moda,Toscana,5,https://apitalianluxury.com
164,NEWU S.r.l.,37.2658,1003,2595,Pubblicità e marketing,Lazio,1,https://www.newu.it
165,CRMpartners S.r.l.,36.9359,2164,5558,IT e software,Lazio,2,https://www.crmpartners.it
166,Findynamic S.r.l.,36.5615,1596,4064,"Fintech, servizi finanziari e assicurazioni",Lombardia,1,https://www.findynamic.com
167,Gesco S.p.A. Unipersonale,36.4027,10574,26834,Energia e servizi pubblici,Toscana,2,https://gesco.energy
168,Huware S.r.l.,36.1193,11065,27906,IT e software,Lombardia,1,https://huware.com
169,Teamservice S.r.l.,35.9911,4067,10227,IT e software,Abruzzo,3,https://tsv.it
170,Petrarca S.r.l.,35.9635,1884,4735,Costruzione e ingegneria,Sicilia,1,https://www.petrarcagroup.it
171,Tera Automation S.r.l.,35.904,5313,13336,Macchinari e attrezzature,Toscana,5,https://www.tera-automation.com
172,Ansped S.r.l.,35.8954,4816,12086,Logistica e trasporto,Veneto,0,https://www.ansped.it
173,Riccardo Birolo S.r.l.,35.8232,8714,21835,Costruzione e ingegneria,Piemonte,0,https://riccardobirolo.com
174,Storeis S.r.l.,35.8137,2528,6332,Pubblicità e marketing,Veneto,3,https://storeis.it
175,Pasquetti Group S.r.l.,35.6195,33291,83041,Commercio all'ingrosso,Toscana,0,https://www.pasquettigroup.com
176,Seingim Global Service S.r.l.,34.8213,18135,44441,"Servizi professionali, scientifici e tecnici",Veneto,6,https://www.seingim.it
177,Sagitta SGR S.p.A.,34.8128,2694,6602,"Fintech, servizi finanziari e assicurazioni",Lombardia,2,https://www.sagittasgr.it
178,Whoosnap S.r.l.,34.6676,2070,5056,"Fintech, servizi finanziari e assicurazioni",Lazio,2,https://www.insoore.com
179,Awair S.r.l.,34.5837,2133,5200,Consulenza manageriale,Lombardia,1,https://www.awair.eu
180,ISS International S.p.A.,34.3865,17814,43235,"Servizi professionali, scientifici e tecnici",Lazio,0,https://www.iss-international.com
181,Rent&Drive S.r.l.,34.3167,1813,4394,Auto e servizi associati,Lombardia,1,https://www.rentedrive.it
182,RSM Società di Revisione e Organizzazione Contabile S.p.A.,34.3107,12498,30281,Consulenza manageriale,Lombardia,0,https://www.rsm.global/italy/rsmrev/it
183,Ottopuntozero S.r.l.,34.3078,2942,7127,Arredamento,Abruzzo,2,https://www.ottopuntozero.it
184,T'a Milano S.r.l.,33.9207,6914,16607,Cibo e bevande,Lombardia,1,https://tamilano.com
185,C.Costruzioni S.r.l.,33.8953,4075,9783,Costruzione e ingegneria,Basilicata,1,https://http://www.ccostruzionisrl.it
186,GI Costruzioni S.r.l.,33.823,10386,24890,Costruzione e ingegneria,Marche,1,https://www.gicostruzioni.com
187,Florence One S.r.l.,33.7183,1712,4094,IT e software,Toscana,0,https://florence-one.it
188,Trama S.r.l.,33.6868,1156,2762,"Servizi professionali, scientifici e tecnici",Piemonte,0,https://www.trama-engineering.com
189,Edilizia e Tecnologia S.r.l.,33.6652,1422,3396,Costruzione e ingegneria,Puglia,1,https://www.ediliziaetecnologia.it
190,Lotrek Società Cooperativa,33.4811,2287,5438,Pubblicità e marketing,Toscana,0,https://www.lotrek.it
191,Garage Raw S.r.l.,33.3796,1110,2635,Pubblicità e marketing,Emilia-Romagna,1,https://www.garageraw.com
192,M - Live S.r.l.,33.3676,1239,2938,IT e software,Emilia-Romagna,0,https://www.m-live.com
193,Oropallo Giuseppe S.r.l.,32.8366,3783,8867,Vendita al dettaglio,Campania,1,n/a
194,I.CO.P. S.p.A. SB,32.7862,79973,187242,Costruzione e ingegneria,Friuli-Venezia Giulia,0,https://www.icop.it
195,OBA S.r.l.,32.773,766,1792,E-commerce,Campania,0,https://www.oba.srl/it
196,SVS S.r.l.,32.5865,18244,42524,Costruzione e ingegneria,Lombardia,4,https://www.svs-srl.com
197,Sbamm S.r.l.,32.5576,3999,9314,E-commerce,Abruzzo,4,https://www.babylinoshop.com/shop
198,Digital Evolution S.p.A.,32.548,796,1853,Pubblicità e marketing,Marche,0,https://www.ciaodino.com
199,IFOM Soc. Coop. Sociale,32.3719,980,2272,Formazione,Emilia-Romagna,0,https://www.ifom.info
200,C.A.M. - Costruzione Attrezzature Meccaniche S.r.l.,32.2966,14511,33600,Macchinari e attrezzature,Piemonte,0,https://www.cam-carmagnola.com
201,Tea-Co Tecnologie Elettriche Applicate - Concorezzo S.p.A.,32.2326,11140,25758,Costruzione e ingegneria,Lombardia,0,https://teaco.it
202,La Mercurio S.r.l.,32.2299,1940,4486,"Servizi professionali, scientifici e tecnici",Lombardia,1,https://www.lamercurio.com
203,Oga One Generation Ahead S.r.l.,32.1372,6044,13943,Commercio all'ingrosso,Lombardia,2,https://www.ogasrl.com
204,HF S.r.l.,31.8563,3237,7421,Costruzione e ingegneria,Lombardia,3,https://accaeffe.it
205,Dotwords S.r.l. SB,31.7882,707,1619,"Servizi professionali, scientifici e tecnici",Lombardia,0,https://www.dotwords.it
206,DigitalPa S.r.l.,31.7846,2846,6513,IT e software,Sardegna,0,https://www.digitalpa.it
207,IL Ce.Sto Cooperativa Sociale,31.7423,3517,8043,Servizi sanitari e sociali,Liguria,0,https://www.ilcesto.org
208,Piazza Hotels & Residences S.r.l.,31.7205,9950,22740,Ospitalità e viaggi,Emilia-Romagna,1,https://www.piazzahotels.com
209,Groweb S.r.l.,31.6052,840,1915,Pubblicità e marketing,Emilia-Romagna,0,https://growebsrl.it
210,IT Centric S.p.A.,31.6006,7172,16345,IT e software,Campania,3,https://www.itcentric.it
211,Acetificio Andrea Milano,31.5423,13249,30156,Cibo e bevande,Campania,0,https://www.acetomilano.it
212,Dieng S.r.l.,31.4124,1279,2903,Macchinari e attrezzature,Toscana,0,https://http://www.diengcorp.it
213,Uniting Group Holding S.r.l. SB,30.7738,21429,47926,Pubblicità e marketing,Lombardia,0,https://uniting.it
214,Papa Nicola S.r.l.,30.7536,5847,13070,Costruzione e ingegneria,Marche,0,https://www.papanicola.it
215,Senergie S.r.l.,30.5818,5338,11886,Energia e servizi pubblici,Puglia,0,https://www.senergie.it
216,G.A. S.r.l.,30.4746,7834,17400,Arredamento,Lombardia,0,https://behomecasa.it
217,power2Cloud S.r.l.,30.4685,1247,2769,IT e software,Lombardia,0,https://power2cloud.com
218,Sirio Wire S.r.l.,30.3525,1327,2940,Macchinari e attrezzature,Lombardia,0,https://siriowire.com
219,Acquasystem S.r.l.,30.1739,5219,11511,Macchinari e attrezzature,Lombardia,0,https://www.acquasystemitalia.com
220,Universo Bianco S.r.l.,30.1644,2557,5639,Cibo e bevande,Piemonte,0,https://universobianco.com
221,Monogrid S.r.l.,30.1437,2425,5345,Pubblicità e marketing,Toscana,3,https://monogrid.com
222,I.T.E. S.r.l. SB,29.5913,9373,20398,Costruzione e ingegneria,Lazio,2,https://ite-srl.it
223,Makeitalia S.r.l. a Socio Unico,29.4949,8963,19463,Consulenza manageriale,Emilia-Romagna,1,https://www.makeitalia.com
224,Chianti Restorations S.r.l.,29.404,6001,13003,Costruzione e ingegneria,Lombardia,2,https://chiantirestorations.com/it
225,Pellicano OpCo S.r.l.,29.3721,11472,24840,Ospitalità e viaggi,Toscana,0,https://www.pellicanohotels.com
226,Pirene S.r.l.,29.3489,3004,6501,Pubblicità e marketing,Lombardia,4,https://www.pirene.it
227,Ciano Shapes S.r.l.,29.2931,917,1982,Macchinari e attrezzature,Lombardia,0,https://cianoshapes.com
228,Ciocomiti S.p.A.,29.0927,1295,2786,Cibo e bevande,Trentino-Alto Adige,2,https://ciocomiti.com
229,GV Filtri Industriali S.r.l.,29.079,2414,5193,Produzione industriale,Piemonte,0,https://www.gvfiltri.it
230,Sistec S.r.l.,29.0225,7318,15718,Costruzione e ingegneria,Puglia,1,https://sistec.it
231,International GC Motors S.r.l.,28.8747,15372,32903,Auto e servizi associati,Molise,0,https://www.gcmotors.it
232,Powering S.p.A.,28.71,38909,82963,Energia e servizi pubblici,Puglia,1,https://www.poweringsrl.it
233,Rocam Losi S.r.l.,28.6943,2127,4534,Macchinari e attrezzature,Lombardia,0,https://www.rocam.it
234,The Wave Studio S.r.l.,28.5184,899,1909,IT e software,Sicilia,1,https://www.thewavestudio.it
235,D.F.V. S.r.l.,28.4448,59215,125482,Produzione industriale,Puglia,0,https://dfvgroup.it
236,Xtream S.r.l.,28.4085,784,1660,IT e software,Lombardia,0,https://xtreamers.io
237,Vismederi S.r.l.,28.3541,14439,30533,"Servizi professionali, scientifici e tecnici",Toscana,2,https://www.vismederi.com
238,Horizon Technology Group S.p.A. SB,28.0735,4447,9343,Costruzione e ingegneria,Lazio,0,https://www.horizontg.com
239,Blue Ocean Finance S.p.A.,28.0405,1544,3242,Consulenza manageriale,Lazio,3,https://www.blueoceanfinance.it
240,Proteko S.p.A.,27.8893,6962,14563,"Servizi professionali, scientifici e tecnici",Veneto,4,https://www.proteko.it
241,Blackship S.r.l. SB,27.8378,1724,3601,Formazione,Lombardia,1,https://www.blackship.it
242,Deltha Pharma S.r.l.,27.7813,1545,3223,"Prodotti farmaceutici, biotecnologie e scienze della vita",Lazio,3,https://www.delthapharma.com
243,Business Changers S.r.l.,27.7395,4070,8483,IT e software,Lazio,1,https://business-changers.it
244,Efarma Group S.r.l.,27.4035,28713,59379,E-commerce,Campania,2,https://www.efarma.com
245,MK S.p.A.,27.328,4555,9402,Prodotti chimici,Lombardia,0,https://www.mkspa.com
246,Incico S.p.A.,27.3279,8766,18096,Costruzione e ingegneria,Emilia-Romagna,0,https://www.incico.com
247,Mini Hotel Apartments S.r.l.,27.2071,1608,3309,Ospitalità e viaggi,Lombardia,1,https://micasas.it
248,RedAbissi S.r.l.,27.1954,932,1919,IT e software,Piemonte,1,https://redabissi.com
249,DP Vision S.r.l.,27.1713,10738,22084,IT e software,Lombardia,0,https://www.dpvision.it
250,AS Labruna S.r.l.,26.731,18640,37939,Macchinari e attrezzature,Puglia,0,https://www.aslabruna.it
251,W.E.E. Water Environment Energy S.r.l.,26.7189,2523,5133,Costruzione e ingegneria,Campania,0,https://web.weesrl.it
252,Besharp S.p.A.,26.6425,3413,6932,IT e software,Lombardia,1,https://www.besharp.it
253,On Site Services S.r.l.,26.4418,1601,3235,IT e software,Sicilia,0,https://www.oss.srl
254,F.I.S. S.p.A.,26.4399,23420,47341,Costruzione e ingegneria,Lombardia,1,https://www.fisimpianti.eu
255,Babylon Cloud S.p.A.,26.2159,2305,4635,IT e software,Lazio,3,https://www.babyloncloud.com
256,OP Primo sole Soc. Cons. Agr. a r.l.,26.2115,10136,20378,"Agricoltura, silvicoltura e pesca",Basilicata,1,https://primosoleortofrutta.com
257,Gruppo Gheron S.r.l.,26.0551,75795,151817,Servizi sanitari e sociali,Lombardia,1,https://www.gruppogheron.it
258,DVision Architecture S.r.l.,26.0035,6001,12005,"Servizi professionali, scientifici e tecnici",Lombardia,2,https://dvarea.com/dva-progettazione-architettonica/
259,Booster Box S.r.l.,25.9775,4160,8318,Pubblicità e marketing,Toscana,1,https://www.precisdigital.com
260,Ayes S.r.l.,25.9559,11725,23430,Costruzione e ingegneria,Lombardia,5,https://http://www.ayes.it
261,Tecnologie Edili S.r.l.,25.9495,1243,2484,Costruzione e ingegneria,Sicilia,1,https://www.tecnologiedili.it
262,Hyntelo S.r.l.,25.9321,5380,10745,IT e software,Lazio,5,https://hyntelo.com
263,Skills Consulting S.r.l.,25.71,2116,4204,Formazione,Campania,2,https://www.skills.it
264,Eelectron S.p.A.,25.5364,9365,18527,IT e software,Lombardia,3,https://www.eelectron.com
265,Galassia S.r.l.,25.3793,1579,3113,Abbigliamento e moda,Umbria,1,https://www.pashmere.it
266,R2M Solution S.r.l.,25.3149,2991,5887,"Servizi professionali, scientifici e tecnici",Lombardia,0,https://www.r2msolution.com
267,Tecnoplast S.p.A.,25.2166,40226,78975,Produzione industriale,Marche,2,https://www.tecnoplastinfissi.com
268,Yes Energy S.r.l.,25.2056,1347,2644,Energia e servizi pubblici,Campania,0,https://www.yes-energy.it
269,Frau Pharma S.r.l.,25.0316,3641,7117,"Prodotti farmaceutici, biotecnologie e scienze della vita",Lombardia,0,https://http://www.fraupharma.com
270,Nethive S.p.A.,24.9056,6986,13613,IT e software,Veneto,2,https://www.nethive.it
271,Trans Italadiem S.r.l.,24.825,2994,5824,Logistica e trasporto,Lombardia,1,https://http://www.transitaladiem.com
272,Furlan Retail S.r.l.,24.787,2727,5299,Beni immobili,Veneto,1,https://www.furlanretail.it
273,ICS S.r.l.,24.6254,1223,2367,"Servizi professionali, scientifici e tecnici",Emilia-Romagna,0,https://www.ics-srl.com
274,Ignalat S.r.l.,24.6106,8191,15849,Cibo e bevande,Puglia,1,https://www.ignalat.com
275,Themenos Progetti S.r.l.,24.5252,1721,3323,"Servizi professionali, scientifici e tecnici",Sicilia,1,https://www.themenosprogetti.com
276,Gusti d'Italia S.r.l. SB,24.5138,6189,11948,Cibo e bevande,Piemonte,3,https://gustiditalia.com
277,HD Casa S.r.l.,24.3429,1932,3715,E-commerce,Campania,0,https://www.hdcasa.it
278,Curnis Gioielli 3C S.r.l.,24.1576,4495,8604,Vendita al dettaglio,Lombardia,0,https://www.curnisgioielli.it
279,Steriline S.r.l.,24.1482,33969,64998,Macchinari e attrezzature,Lombardia,0,https://www.steriline.it
280,Informatica EDP S.r.l.,24.0626,3003,5735,IT e software,Piemonte,0,https://www.informaticaedp.com
281,Flash Battery S.r.l.,24.061,17297,33028,Produzione industriale,Emilia-Romagna,1,https://www.flashbattery.tech/it
282,IWE S.r.l.,23.9269,5507,10481,Macchinari e attrezzature,Lombardia,0,https://www.iwe-evaporators.com
283,Double A S.p.A.,23.899,4059,7721,Abbigliamento e moda,Sardegna,0,https://www.eyesportshop.com/it
284,Etuitus S.r.l.,23.8445,842,1598,IT e software,Campania,0,https://www.etuitus.it/
285,Enerfin S.p.A.,23.822,47838,90817,Energia e servizi pubblici,Lazio,0,https://enerfin.it
286,Beantech S.r.l.,23.7886,15762,29898,IT e software,Friuli-Venezia Giulia,0,https://www.beantech.it
287,Casa39 S.r.l.,23.7065,5933,11233,E-commerce,Puglia,1,https://www.casa39.it
288,Advice Group S.p.A.,23.6595,5931,11216,Pubblicità e marketing,Piemonte,0,https://advicegroup.it/
289,Cepo S.r.l.,23.6136,5449,10292,Produzione industriale,Lazio,1,https://www.imballaggicepo.it
290,Dynamicom Education S.r.l.,23.5761,12189,23003,Formazione,Lombardia,0,https://www.dynamicom-education.it
291,Pasquarelli Auto S.p.A.,23.541,191071,360270,Auto e servizi associati,Abruzzo,0,https://www.pasquarelliauto.it
292,Technocover S.r.l.,23.3863,3037,5705,Costruzione e ingegneria,Lombardia,0,https://www.technocover.it
293,A.S.C.C. S.r.l.,23.2651,5993,11224,Costruzione e ingegneria,Lombardia,1,https://www.asccsrl.it
294,Déco S.p.A.,23.2044,20151,37686,Arredamento,Lombardia,0,https://www.decodecking.it
295,Infoteam S.r.l. (Gruppo Go Infoteam),23.0085,8852,16476,IT e software,Abruzzo,0,https://http://www.goinfoteam.it
296,Digital Angels S.r.l. a Socio Unico,22.9506,8716,16200,Pubblicità e marketing,Lazio,6,https://digitalangels.com
297,Kefa S.r.l.,22.9409,1050,1951,Auto e servizi associati,Sicilia,1,https://brokerricambi.com
298,Effezeta System S.r.l.,22.762,7459,13800,Produzione industriale,Lazio,2,https://www.effezeta.it
299,Mollo S.r.l.,22.7468,81432,150599,Macchinari e attrezzature,Piemonte,1,https://www.mollofratelli.com
300,DES Composites S.r.l.,22.6435,1169,2157,Aerospaziale e difesa,Abruzzo,1,https://www.descomposites.com
301,Lombardini22 S.p.A.,22.6329,24567,45307,"Servizi professionali, scientifici e tecnici",Lombardia,1,https://www.lombardini22.com
302,Team Office S.r.l.,22.6113,8215,15142,Media e telecomunicazioni,Lazio,0,https://www.teamofficecom.it
303,Aiviewgroup S.r.l.,22.555,1888,3475,"Servizi professionali, scientifici e tecnici",Lazio,0,https://www.aiviewgroup.com
304,Elsa Solutions S.p.A.,22.474,11931,21919,Macchinari e attrezzature,Emilia-Romagna,1,https://elsaweb.it
305,Exacon S.r.l.,22.4529,1135,2084,IT e software,Lombardia,1,https://www.exacon.it
306,Teco S.r.l.,22.3475,7437,13619,"Servizi professionali, scientifici e tecnici",Emilia-Romagna,0,https://www.tecoservizi.it
307,Energy Seller S.r.l.,22.3261,5911,10820,Energia e servizi pubblici,Liguria,1,https://www.energyseller.it
308,Tecnoimpianti Water Treatment S.r.l.,22.244,3720,6795,Macchinari e attrezzature,Lombardia,0,https://www.tecnoimp.com
309,Italtekno S.r.l.,22.1868,1575,2874,Energia e servizi pubblici,Sicilia,2,https://www.italtekno.com
310,so.ge.s.a. S.r.l.,22.1667,4281,7805,"Servizi professionali, scientifici e tecnici",Sicilia,0,https://www.sogesa.net
311,Alpier S.r.l.,22.1557,903,1646,Costruzione e ingegneria,Puglia,0,https://www.alpiersrl.it
312,Rifò S.r.l.,22.0078,1958,3556,Abbigliamento e moda,Toscana,2,https://rifo-lab.com
313,Vetrocar&Bus S.p.A.,21.8645,33860,61280,Auto e servizi associati,Veneto,0,https://www.vetrocar.it
314,System Car S.r.l. a Socio Unico,21.8305,2482,4488,Auto e servizi associati,Lombardia,3,https://http://www.systemcar.eu
315,Edil San Felice S.p.A. SB,21.7737,27934,50443,Costruzione e ingegneria,Campania,0,https://www.edilsanfelice.it
316,Agenzia Formativa Dante Alighieri S.r.l.,21.7699,3890,7024,Formazione,Lombardia,0,https://www.didatticagenzialighieri.it
317,Nipe Design S.r.l.,21.6925,1725,3108,Commercio all'ingrosso,Trentino-Alto Adige,1,https://www.nipe.it
318,Sicily By Car S.p.A.,21.5152,75237,134997,Auto e servizi associati,Trentino-Alto Adige,1,https://www.sicilybycar.it
319,Crezza S.r.l.,21.4639,14523,26026,Produzione industriale,Lombardia,0,https://www.crezza.com
320,Blu Appalti S.r.l.,21.4165,3549,6353,Costruzione e ingegneria,Abruzzo,3,https://www.bluappalti.it
321,Bluewind S.r.l.,21.3623,1602,2863,"Servizi professionali, scientifici e tecnici",Veneto,0,https://www.bluewind.it
322,Transporent S.r.l.,21.2927,4154,7412,Logistica e trasporto,Puglia,2,https://www.transporentsrl.it
323,SunCity Group S.r.l.,21.2476,20323,36225,Energia e servizi pubblici,Abruzzo,3,https://www.suncityitalia.com
324,Link.it S.r.l.,21.1907,2138,3805,IT e software,Toscana,1,https://www.link.it
325,Active Technologies S.r.l.,21.175,2810,4999,Macchinari e attrezzature,Emilia-Romagna,2,https://www.activetechnologies.it
326,Filva S.r.l.,21.1456,7412,13179,Costruzione e ingegneria,Lombardia,0,https://www.filvasrl.it
327,Increso S.r.l.,20.9644,3390,5999,IT e software,Lazio,0,https://increso.it
328,Yocabe S.r.l.,20.9632,5512,9756,E-commerce,Puglia,4,https://www.yocabe.com
329,VoipVoice S.r.l.,20.9632,7924,14025,Media e telecomunicazioni,Toscana,3,https://www.voipvoice.it
330,Porcamo S.r.l.,20.9177,4227,7472,E-commerce,Campania,0,https://isuit.it
331,Mylav S.r.l.,20.9171,9715,17175,Servizi sanitari e sociali,Puglia,7,https://mylav.net
332,Xilia S.r.l.,20.7903,1963,3459,Arredamento,Veneto,3,https://xilia.it
333,Sistemi Industriali S.p.A.,20.7698,32771,57725,Macchinari e attrezzature,Lombardia,0,https://www.sistemiindustriali.com
334,Nemo Consulting S.r.l.,20.7432,1357,2388,Consulenza manageriale,Lombardia,2,https://www.nemoconsulting.it
335,Maxxi Engineering S.r.l.,20.7416,3102,5460,Costruzione e ingegneria,Sardegna,1,https://www.maxxiengineering.it
336,Fairmat S.r.l.,20.5832,5722,10033,"Fintech, servizi finanziari e assicurazioni",Veneto,5,https://www.fairmat.com
337,F.M. Trasporti S.r.l.,20.5688,16822,29483,Logistica e trasporto,Lazio,2,https://fmtrasporti.com
338,HPM Hydraulic Performance Machines S.r.l.,20.4803,11292,19747,Macchinari e attrezzature,Marche,1,https://www.hpmitaly.com
339,Future Age S.r.l.,20.3486,2321,4045,Consulenza manageriale,Lombardia,0,https://www.future-age.eu
340,Maflex S.r.l.,20.2956,5552,9666,Macchinari e attrezzature,Toscana,0,https://www.maflex.it
341,Sitael S.p.A.,20.2569,35014,60894,Aerospaziale e difesa,Puglia,0,https://www.sitael.com
342,First Point S.r.l.,20.1669,3523,6114,IT e software,Emilia-Romagna,0,https://www.firstpoint.website
343,Kolinpharma S.p.A.,19.9979,11173,19306,"Prodotti farmaceutici, biotecnologie e scienze della vita",Lombardia,1,https://www.kolinpharma.com
344,Teleconsys S.p.A.,19.9731,12395,21405,IT e software,Lazio,0,https://www.teleconsys.it
345,Agaton S.r.l.,19.8641,5651,9732,"Prodotti farmaceutici, biotecnologie e scienze della vita",Campania,1,https://www.agaton.info
346,Dulàc Farmaceutici 1982 S.r.l.,19.8577,6176,10634,"Prodotti farmaceutici, biotecnologie e scienze della vita",Piemonte,2,https://www.dulacfarmaceutici.com
347,Leone S.r.l.,19.8476,35961,61905,Smaltimento rifiuti & riciclo,Puglia,0,https://www.leonemetalli.com
348,LMG Building S.r.l.,19.7754,5656,9718,Costruzione e ingegneria,Lombardia,0,n/a
349,Castel S.r.l.,19.7616,2388,4101,Abbigliamento e moda,Lazio,1,https://www.ballerette.com
350,Falcor S.r.l.,19.6216,4644,7949,Macchinari e attrezzature,Lombardia,0,https://www.falcorpresse.it
351,Fope S.p.A.,19.597,38957,66641,Abbigliamento e moda,Veneto,1,https://www.fope.com
352,Guzzini & Fontana Projects S.r.l.,19.5666,5206,8899,Arredamento,Abruzzo,2,https://guzziniefontana.it
353,Deolab S.r.l.,19.5557,3361,5743,Commercio all'ingrosso,Lombardia,0,https://www.deolabsrl.com
354,GreenFeedCycles S.r.l.,19.5226,6402,10931,"Agricoltura, silvicoltura e pesca",Emilia-Romagna,2,https://www.greenfeed.it
355,Wearable Robotics S.r.l.,19.4096,919,1564,Macchinari e attrezzature,Toscana,0,https://wearable-robotics.com
356,Brocchetta S.r.l.,19.4022,1368,2329,Cibo e bevande,Piemonte,1,https://www.brocchettafood.com
357,Webranking S.r.l.,19.0246,30552,51517,Pubblicità e marketing,Emilia-Romagna,7,https://www.webranking.it
358,Proevo S.r.l.,19.0147,1294,2182,Consulenza manageriale,Veneto,0,https://www.proevosrl.it
359,FSE Progetti S.r.l.,19,1013,1706,"Servizi professionali, scientifici e tecnici",Emilia-Romagna,1,https://www.fseprogetti.it
360,Lorusso Arredamenti S.r.l.,18.9542,4485,7549,Arredamento,Puglia,1,https://www.lorussoarredamenti.com
361,Demus S.p.A.,18.9105,5956,10014,Cibo e bevande,Friuli-Venezia Giulia,0,https://www.demus.it
362,Keytech S.r.l.,18.787,5512,9239,IT e software,Lazio,5,https://www.keytech.srl
363,Avilia Group S.r.l.,18.7679,6017,10081,E-commerce,Lombardia,0,https://www.aviliagroup.it
364,M.K. Trading S.r.l.,18.6024,5164,8615,Commercio all'ingrosso,Campania,3,https://www.mktrading.it
365,M&W Veronesi e Associati S.r.l. STP,18.5909,2576,4297,"Servizi professionali, scientifici e tecnici",Emilia-Romagna,2,https://www.mwassociati.it
366,Casini S.p.A.,18.4305,29114,48360,Beni immobili,Toscana,1,n/a
367,Morbio Costruzioni S.p.A.,18.3268,32474,53801,Costruzione e ingegneria,Lombardia,1,https://www.morbiocostruzioni.com
368,Summeet S.r.l.,18.2785,12253,20275,"MICE (Meetings, Incentives, Conferences, Exhibitions)",Lombardia,1,https://www.summeet.it
369,Le Delizie Del Sud S.r.l.,17.8764,54240,88838,Commercio all'ingrosso,Campania,0,https://ledeliziedelsud.it
370,Power Energia Soc. Coop.,17.8072,36745,60078,Energia e servizi pubblici,Emilia-Romagna,0,https://www.powerenergia.eu
371,Sallustio S.r.l.,17.7995,12559,20530,Produzione industriale,Molise,1,https://www.sallustioinfissi.it
372,Renova S.r.l.,17.6815,6947,11321,Produzione industriale,Lombardia,0,https://www.renova-srl.com
373,Gallas Group S.r.l.,17.6646,6785,11053,Servizi per l'impiego,Friuli-Venezia Giulia,4,https://www.gallasgroup.it
374,Global Biomedical Service S.r.l.,17.6618,4497,7326,"Prodotti farmaceutici, biotecnologie e scienze della vita",Campania,1,https://www.gbsmed.it
375,Selectus S.r.l.,17.629,4880,7943,Commercio all'ingrosso,Puglia,0,https://www.spinaingros.it
376,Friulia S.p.A.,17.5955,12754,20740,"Fintech, servizi finanziari e assicurazioni",Friuli-Venezia Giulia,1,https://www.friulia.it/it
377,Master Italia S.p.A. SB,17.5355,19549,31742,Abbigliamento e moda,Veneto,0,https://atlantisheadwear.com/it
378,Reparo S.r.l.,17.3143,23683,38238,Cibo e bevande,Sardegna,0,https://www.latteriedisardegna.com
379,DocFinance S.r.l.,17.3086,9409,15189,IT e software,Emilia-Romagna,0,https://www.docfinance.net
380,Co.Fo.Me.Gra. S.r.l.,17.2864,3409,5500,Macchinari e attrezzature,Lombardia,2,https://www.cofomegra.it
381,Aferetica S.r.l.,17.257,6328,10202,"Prodotti farmaceutici, biotecnologie e scienze della vita",Emilia-Romagna,0,https://www.aferetica.com
382,Dado S.r.l. Unipersonale,17.2212,2085,3358,E-commerce,Lombardia,0,https://dadoshop.it
383,Genomix4Life S.r.l.,17.2182,1016,1637,"Prodotti farmaceutici, biotecnologie e scienze della vita",Campania,0,https://www.genomix4life.com
384,Cava Energia S.r.l.,17.1555,1331,2140,Energia e servizi pubblici,Campania,2,https://www.cavaenergia.it
385,Royal Global Net S.r.l.,17.0051,8184,13109,"Servizi professionali, scientifici e tecnici",Lombardia,0,https://www.royalsrl.org
386,Nemesi Italia S.r.l.,16.9807,1643,2631,IT e software,Lombardia,0,https://nemesitalia.it
387,Ubicos S.r.l.,16.8957,5790,9248,Produzione industriale,Lombardia,1,https://ubicos.it
388,Laca Trade S.r.l.,16.7909,31721,50532,Commercio all'ingrosso,Lombardia,0,https://www.lacatrade.com
389,Target S.p.A.,16.7008,8182,13003,Cibo e bevande,Calabria,0,https://targetspa.net
390,T. Petrol S.r.l.,16.5907,24434,38724,Commercio all'ingrosso,Lazio,0,https://http://www.tpetrol.it
391,Scai Comunicazione S.r.l. SB,16.5885,1218,1931,Pubblicità e marketing,Basilicata,0,https://scaicomunicazione.com
392,Caffeina S.p.A. SB,16.5372,13410,21224,Pubblicità e marketing,Emilia-Romagna,0,https://caffeina.com
393,Edu Group S.r.l.,16.488,30862,48783,IT e software,Lombardia,0,https://www.edugroup.it/b2b
394,Tradeco S.r.l.,16.333,6960,10958,Macchinari e attrezzature,Emilia-Romagna,1,https://second-hand-ceramic-machinery.com
395,Fluimac S.r.l.,16.1879,6510,10210,Macchinari e attrezzature,Lombardia,0,https://www.fluimac.com
396,Diellex S.r.l.,16.1538,1830,2868,Produzione industriale,Veneto,0,https://http://www.diellex.com
397,C&P S.r.l.,16.1306,14715,23046,Servizi sanitari e sociali,Piemonte,0,https://www.candpgroup.it
398,Millenergie S.r.l.,15.7615,1229,1907,Energia e servizi pubblici,Marche,0,https://millenergie.eu
399,Iconsulting S.p.A.,15.6921,32206,49871,IT e software,Emilia-Romagna,0,https://www.iconsulting.biz
400,Koki S.r.l.,15.6647,1977,3059,Pubblicità e marketing,Friuli-Venezia Giulia,0,https://www.kokigroup.it
401,Ti Style iT S.r.l.,15.6378,7154,11063,Abbigliamento e moda,Umbria,0,https://tistyleit.com
402,Yakkyo S.p.A.,15.631,8142,12588,E-commerce,Lazio,0,https://www.yakkyo.com
403,Onorato S.r.l.,15.5932,6368,9836,E-commerce,Lombardia,0,https://www.ristoattrezzature.com
404,Tre Altamira S.r.l.,15.4249,10231,15733,Costruzione e ingegneria,Lombardia,0,https://site.tre-altamira.com
405,Innonation S.r.l.,15.2704,1828,2800,IT e software,Sicilia,1,https://www.innonation.it
406,Quix S.r.l.,15.2526,6495,9943,IT e software,Emilia-Romagna,0,https://www.quix.it
407,Alkeria S.r.l.,15.0975,2979,4543,Macchinari e attrezzature,Toscana,0,https://www.alkeria.com
408,Inrete Digital S.r.l.,15.0774,1144,1743,Pubblicità e marketing,Lombardia,0,https://www.inretedigital.it
409,Opacmare S.p.A.,15.0605,33453,50958,Produzione industriale,Piemonte,1,https://www.opacmare.com
410,Join Business Management Consulting S.r.l.,15.0441,11446,17428,Consulenza manageriale,Toscana,0,https://www.joinbusinessmc.com
411,Barbarhouse S.r.l.,15.034,3677,5598,Ospitalità e viaggi,Puglia,1,https://www.barbarhouse.com
412,Edil Pellegrini S.r.l.,15.0278,2805,4269,Costruzione e ingegneria,Toscana,0,https://www.edilpellegrini.com
413,Vetraria Pescini S.r.l.,14.9317,10349,15712,Produzione industriale,Lombardia,0,https://www.vetrariapescini.it
414,Essebi Commerciale S.r.l.,14.9052,3383,5132,Costruzione e ingegneria,Lombardia,0,https://www.essebicommerciale.com
415,Stanzani S.p.A.,14.7715,22061,33352,"Servizi professionali, scientifici e tecnici",Emilia-Romagna,0,https://www.stanzani.it
416,Capelli For You S.r.l.,14.736,2610,3943,Servizi sanitari e sociali,Toscana,1,https://www.capelliforyou.it
417,Seriana S.p.A.,14.5808,12226,18392,Costruzione e ingegneria,Lombardia,4,https://www.serianaedilizia.it
418,Simoneschi S.r.l.,14.5794,2026,3047,Costruzione e ingegneria,Lazio,1,https://www.simoneschi.it
419,WIT S.r.l.,14.5304,2314,3476,"Fintech, servizi finanziari e assicurazioni",Lombardia,0,https://www.wit-italy.com
420,All Projects S.r.l.,14.3641,1434,2145,"Servizi professionali, scientifici e tecnici",Lombardia,0,https://www.all-projects.it
421,Professional Link S.r.l.,14.2787,5199,7759,Media e telecomunicazioni,Lombardia,0,https://www.plink.it
422,La Risorsa Umana.It S.r.l.,14.233,9425,14049,Servizi per l'impiego,Emilia-Romagna,2,https://www.larisorsaumana.it
423,Pasqualone S.r.l.,14.017,3901,5783,Macchinari e attrezzature,Calabria,0,https://pasqualone.linde-mh.it/it
424,RockAgent S.p.A.,13.8622,2418,3569,Beni immobili,Lazio,0,https://www.rockagent.it
425,Center Lift S.r.l.,13.7843,3187,4695,Costruzione e ingegneria,Trentino-Alto Adige,1,https://www.centerliftsrl.com
426,Dinets S.r.l.,13.6067,12112,17759,IT e software,Marche,0,https://www.dinets.it
427,Wellynx S.r.l.,13.5885,3322,4868,Energia e servizi pubblici,Abruzzo,3,https://www.wellynx.com
428,Dolciaria Ambrosiana S.r.l.,13.5859,7593,11127,Cibo e bevande,Puglia,0,https://www.dolciariaambrosiana.com
429,B.C.S. Biomedical Computering Systems S.r.l.,13.5481,23402,34261,IT e software,Lombardia,0,https://www.bcs.it
430,Digitronica.It S.p.A.,13.5192,3874,5667,IT e software,Veneto,0,https://www.digitronica.it
431,Revo Costruzioni S.r.l.,13.4863,5621,8215,Costruzione e ingegneria,Lombardia,3,https://revocostruzioni.com
432,TVM-Trasporto Veicoli Mediterraneo S.r.l.,13.4397,5996,8753,Auto e servizi associati,Campania,0,https://www.tvmtrasp.com
433,LMM Logistics S.p.A.,13.3079,19116,27809,Logistica e trasporto,Piemonte,0,https://lmmlogistics.com
434,Nextmedia S.r.l.,13.2419,8481,12316,E-commerce,Emilia-Romagna,0,https://www.nextmedia.it
435,Deliverti S.r.l.,13.2378,3020,4385,E-commerce,Lazio,1,https://deliverti.it
436,Vitali S.p.A.,13.09,95972,138809,Costruzione e ingegneria,Lombardia,0,https://vitalispa.it
437,Re.I.M. S.r.l.,13.0675,7019,10145,Produzione industriale,Campania,0,https://reimsrl.yourwebsitespace.com/
438,PRT Group S.p.A.,13.0353,16455,23765,Pubblicità e marketing,Piemonte,0,https://www.prtgroup.eu
439,Vezzola S.p.A.,12.9572,47859,68978,Costruzione e ingegneria,Lombardia,1,https://www.vezzola.com
440,ASG Network S.r.l.,12.9331,7262,10459,"Servizi professionali, scientifici e tecnici",Veneto,0,https://fortesecurgroup.com/it
441,Nuovenergie S.p.A.,12.9123,42783,61588,Energia e servizi pubblici,Lombardia,0,https://www.nuovenergiespa.it
442,Sala Assicurazioni S.r.l.,12.8646,2743,3944,"Fintech, servizi finanziari e assicurazioni",Lombardia,0,https://salaassicurazioni.it
443,MGvision S.r.l.,12.8483,3958,5688,Pubblicità e marketing,Lazio,0,https://www.mgvision.com
444,Geatop S.r.l.,12.7914,2971,4263,"Servizi professionali, scientifici e tecnici",Piemonte,4,https://www.geatop.it
445,Edilpa S.r.l.,12.7658,1136,1628,Costruzione e ingegneria,Sicilia,0,https://edilpasrl.it
446,Manitech S.r.l.,12.7479,7508,10762,Macchinari e attrezzature,Sardegna,0,https://www.manitech.it
447,RedBox S.r.l.,12.7352,10130,14514,Produzione industriale,Lazio,2,https://redbox.it
448,MCR Conference S.r.l.,12.6223,1968,2812,"MICE (Meetings, Incentives, Conferences, Exhibitions)",Toscana,1,https://www.mcrconference.it
449,Castello S.r.l. SB,12.3499,7758,11002,Cibo e bevande,Puglia,0,https://acquaamata.it
450,Meuli Infissi S.r.l.,12.2705,2163,3061,Produzione industriale,Puglia,2,https://www.meulinfissi.com
451,Prezzemolo&Vitale S.p.A.,12.1907,35621,50301,Vendita al dettaglio,Lombardia,0,https://www.prezzemoloevitale.it
452,Infoteam S.r.l.,12.1386,8489,11971,IT e software,Veneto,0,https://infoteamsrl.it
453,Technipes S.r.l.,11.9217,21952,30777,Macchinari e attrezzature,Emilia-Romagna,0,https://technipes.com
454,Gruppo Ingegneria S.r.l. SB,11.8459,3407,4767,Consulenza manageriale,Emilia-Romagna,1,https://gruppoingegneria.it
455,Utopia Lab S.r.l.,11.7875,5108,7135,Consulenza manageriale,Lazio,0,https://www.utopialab.it
456,I.G.L.M. Electronic S.r.l.,11.7819,11713,16360,E-commerce,Campania,0,https://iglm.store
457,Gruppo Europeo di Ortodonzia S.r.l.,11.736,7689,10726,Produzione industriale,Lazio,0,https://www.nuvolaortodonzia.it
458,Manuel Costruzioni Generali S.r.l.,11.7309,2730,3808,Costruzione e ingegneria,Abruzzo,0,n/a
459,DS Glass S.r.l.,11.6461,14620,20346,Commercio all'ingrosso,Campania,1,https://www.dsglass.it
460,Clean & Maintenance Systems S.r.l.,11.5835,5948,8263,"Servizi professionali, scientifici e tecnici",Lazio,0,https://www.cmsitaly.com
461,Campo d'Oro S.r.l.,11.5412,6489,9005,Cibo e bevande,Lombardia,0,https://www.campodoro.com
462,Dog & Cat Megastore S.r.l.,11.4914,2593,3594,E-commerce,Campania,2,https://dogecatmegastore.com
463,Cantina Sociale Montelliana e dei Colli Asolani S.c.a.,11.3987,40345,55774,Cibo e bevande,Veneto,0,https://www.montelliana.com
464,Upline S.r.l.,11.3796,2846,3932,Costruzione e ingegneria,Lombardia,0,https://www.up-line.it
465,copiaincolla.com S.r.l.,11.2478,1804,2483,Pubblicità e marketing,Lombardia,0,https://www.copiaincolla.com
466,TSM S.r.l.,11.2468,6779,9333,Macchinari e attrezzature,Friuli-Venezia Giulia,1,https://www.tsmitaly.com
467,Innoval S.r.l.,11.2192,1568,2158,Macchinari e attrezzature,Liguria,1,https://www.innoval.biz
468,RGM Commerciale S.r.l.,11.1196,4059,5569,Macchinari e attrezzature,Emilia-Romagna,0,https://rgmcommerciale.it
469,Strategic Management Partners S.r.l.,11.1178,9198,12619,Consulenza manageriale,Lombardia,0,https://www.strategicmp.it
470,Willo S.r.l.,11.1165,1132,1553,IT e software,Puglia,2,https://www.willo.it
471,Parafioriti Costruzioni S.r.l.,11.0287,2801,3834,Costruzione e ingegneria,Sicilia,0,https://www.parafioriticostruzioni.it
472,Webgriffe S.r.l.,11.0029,1286,1759,IT e software,Emilia-Romagna,0,https://www.webgriffe.com
473,Asterix S.r.l.,10.7082,11021,14954,"Servizi professionali, scientifici e tecnici",Emilia-Romagna,0,https://http://www.asterixsrl.it
474,Mind The Value S.r.l.,10.6412,7960,10781,Consulenza manageriale,Lombardia,0,https://www.mindthevalue.com
475,Lovemark S.p.A.,10.5256,2135,2882,Pubblicità e marketing,Emilia-Romagna,0,https://www.lovemark.it
476,Guerzoni Insulation Materials S.r.l.,10.4589,9222,12429,Produzione industriale,Lombardia,1,https://guerzonisrl.it
477,Full Service Soc. Coop.,10.3734,2938,3950,Costruzione e ingegneria,Marche,0,https://www.coopfullservice.com
478,Fifth Beat S.r.l.,10.335,4179,5614,Consulenza manageriale,Lombardia,0,https://www.fifthbeat.com
479,Trevi Finanziaria Industriale S.p.A.,10.2739,494616,663263,Costruzione e ingegneria,Emilia-Romagna,0,https://www.trevigroup.com
480,Assyrus S.r.l.,10.2671,6713,9000,IT e software,Lombardia,0,https://www.assyrus.it
481,Fashion Commerce S.r.l.,10.2347,2394,3206,E-commerce,Toscana,0,https://www.kontedesign.com
482,Cianciolo Group S.r.l.,10.2289,7098,9507,Produzione industriale,Lombardia,1,https://www.cianciologroup.com
483,Nord Est Elevatori S.r.l.,10.1447,7686,10270,Macchinari e attrezzature,Veneto,3,https://www.nordestelevatori.com
484,Fattoretto S.r.l.,9.91008,1878,2493,Pubblicità e marketing,Veneto,2,https://fattoretto.agency
485,L’Opera S.c.,9.72148,2767,3655,Media e telecomunicazioni,Puglia,0,https://www.opera-bvs.it
486,Kedos S.r.l.,9.60199,3055,4022,IT e software,Emilia-Romagna,0,https://www.kedos-srl.it
487,Ipses S.r.l.,9.57846,1658,2181,Macchinari e attrezzature,Lombardia,2,https://www.ipses.com
488,Farmacia S.Caterina S.r.l.,9.55633,76699,100856,"Prodotti farmaceutici, biotecnologie e scienze della vita",Campania,0,n/a
489,Etnos Soc. Coop. Sociale,9.51796,2787,3661,Servizi sanitari e sociali,Sicilia,0,https://cooperativaetnos.net
490,Mare Holding S.p.A.,9.43595,153452,201119,Prodotti chimici,Lombardia,0,https://www.mare.com
491,Studio Cavallini & Partners S.r.l.,9.35562,1858,2430,Consulenza manageriale,Toscana,1,https://www.studiocavalliniepartners.it
492,BidBerry S.r.l.,9.3044,5733,7486,Pubblicità e marketing,Abruzzo,2,https://www.bidberrymedia.com
493,Consecution Group S.r.l.,9.23634,6943,9050,Auto e servizi associati,Lombardia,0,https://www.consecutiongroup.com
494,Renovalo S.p.A. SB,9.07352,20510,26615,Costruzione e ingegneria,Lazio,4,https://www.renovalo.it
495,Oleodinamica Sangro S.r.l.,9.03688,2061,2672,Macchinari e attrezzature,Abruzzo,0,https://www.oleodinamicasangro.it
496,Dallan S.p.A.,8.8645,34627,44676,Macchinari e attrezzature,Veneto,0,https://www.dallan.com/it
497,C2 S.r.l.,8.858,46356,59798,IT e software,Lombardia,0,https://www.c2group.it
498,Salus Sempione S.r.l.,8.83585,2365,3050,Servizi sanitari e sociali,Lazio,0,https://www.cdrsempione.it/
499,Mazzetti d'Altavilla - S.r.l.,8.81187,10575,13624,Cibo e bevande,Piemonte,0,https://mazzetti.it/it
500,Retitalia S.p.A.,8.79934,454771,585695,Energia e servizi pubblici,Lombardia,0,https://www.retitalia.eu
